序号,点位ID,点位名称 (中文),英文名称 (English),所属国家,地理位置 / 省市,经度 (Lng),纬度 (Lat),景观分类,点位意境与人文描述,核心特色标签,推荐BPM,音乐调式/律动,核心配器音色,自然声场采样,AI音乐生成提示词 (中文关键词),AI Music Prompt (English),Midjourney视觉提示词 (Visual Prompt),对照音乐曲名,音乐创作者/艺术家,音乐匹配类型,对应的音乐文件
1,wuzhen,乌镇水乡,Wuzhen Water Town,中国,中国 · 浙江嘉兴,120.4842,30.7439,古镇水乡 / 历史村落,青石板巷，摇橹船桨划破一池春水。白墙黛瓦掩映在江南烟雨之中，廊棚之下，听雨落乌篷，时光在此慢了下来。,小桥流水、烟雨江南、乌篷船、治愈慢生活,68,五声羽调 · 432Hz,古筝 · 竹笛 · 细雨滴檐 · 摇橹声,烟雨滴檐 / 细雨淅淅,国风、古筝、竹笛、轻柔舒缓、BPM68、烟雨治愈、无歌词纯器乐、水流滴答、BPM 68、五声羽调 · 432Hz、烟雨滴檐 / 细雨淅淅、高清无损立体声,"traditional oriental acoustic folk, guzheng, bamboo flute, acoustic guitar, peaceful water town vibe, relaxing, serene, instrumental, no vocals, 68 BPM, gentle rain ambience, raindrops on roof, pristine spatial reverb, emotional, cinematic travel vlog background music","Cinematic photography of Wuzhen Water Town (乌镇水乡), 中国 · 浙江嘉兴, breathtaking view, 小桥流水, 烟雨江南, 乌篷船, 治愈慢生活, golden hour lighting, atmospheric perspective, 8k resolution, photorealistic, masterpiece, depth of field",乌镇水乡,GeoMelody AI · 中国,专属定制曲目,suno_001_wuzhen.mp3
2,zhouzhuang,周庄古镇,Zhouzhuang Ancient Town,中国,中国 · 江苏苏州,120.8522,31.1158,古镇水乡 / 历史村落,君到姑苏见，人家尽枕河。双桥横跨流水，夜幕低垂时分，红灯笼映红了水巷波光，琴音悠扬拂过心弦。,水乡泽国、双桥夜色、吴侬软语、古桥倒影,72,五声商调 · 姑苏韵,琵琶 · 洞箫 · 柔弦微波,烟雨滴檐 / 细雨淅淅,中国风古典琵琶与箫，轻柔微风，水波荡漾，静谧放松，纯乐器、BPM 72、五声商调 · 姑苏韵、烟雨滴檐 / 细雨淅淅、高清无损立体声,"traditional oriental acoustic folk, guzheng, bamboo flute, acoustic guitar, peaceful water town vibe, relaxing, serene, instrumental, no vocals, 72 BPM, gentle rain ambience, raindrops on roof, pristine spatial reverb, emotional, cinematic travel vlog background music","Cinematic photography of Zhouzhuang Ancient Town (周庄古镇), 中国 · 江苏苏州, breathtaking view, 水乡泽国, 双桥夜色, 吴侬软语, 古桥倒影, golden hour lighting, atmospheric perspective, 8k resolution, photorealistic, masterpiece, depth of field",周庄古镇,GeoMelody AI · 中国,专属定制曲目,suno_002_zhouzhuang.mp3
3,hongcun,宏村古村落,Hongcun Village,中国,中国 · 安徽黄山,117.9904,29.9961,古镇水乡 / 历史村落,中国画里的乡村。月沼如镜倒映徽派马头墙，晨雾轻笼南湖，水圳穿街过巷，宛若一幅淡雅的水墨长卷。,水墨徽州、月沼倒影、马头墙、东方美学,65,五声宫调 · 墨意,古琴 · 埙 · 水流与远山清钟,古刹钟声 / 远山清钟,徽州水墨意境、古琴独奏、埙、沉浸空灵、清晨雾气、深沉治愈、BPM 65、五声宫调 · 墨意、古刹钟声 / 远山清钟、高清无损立体声,"traditional oriental acoustic folk, guzheng, bamboo flute, acoustic guitar, peaceful water town vibe, relaxing, serene, instrumental, no vocals, 65 BPM, distant temple bell toll, meditation chime, pristine spatial reverb, emotional, cinematic travel vlog background music","Cinematic photography of Hongcun Village (宏村古村落), 中国 · 安徽黄山, breathtaking view, 水墨徽州, 月沼倒影, 马头墙, 东方美学, golden hour lighting, atmospheric perspective, 8k resolution, photorealistic, masterpiece, depth of field",宏村古村落,GeoMelody AI · 中国,专属定制曲目,suno_003_hongcun.mp3
4,fenghuang,凤凰古城,Fenghuang Ancient Town,中国,中国 · 湖南湘西,109.6015,27.9535,古镇水乡 / 历史村落,沱江两岸吊脚楼巍然伫立，虹桥飞跨碧波之上。薄雾笼罩下的边城，承载着沈从文笔下的湘西浪漫与往事。,沱江泛舟、吊脚楼、边城往事、苗疆风情,70,苗岭调 · 湘西韵,芦笙微鸣 · 木吉他 · 沱江水声,山间清风 / 微风拂过,湘西民谣纯音、木吉他与芦笙、流水潺潺、怀旧治愈、清澈温和、BPM 70、苗岭调 · 湘西韵、山间清风 / 微风拂过、高清无损立体声,"traditional oriental acoustic folk, guzheng, bamboo flute, acoustic guitar, peaceful water town vibe, relaxing, serene, instrumental, no vocals, 70 BPM, soft breeze, mountain wind ambience, pristine spatial reverb, emotional, cinematic travel vlog background music","Cinematic photography of Fenghuang Ancient Town (凤凰古城), 中国 · 湖南湘西, breathtaking view, 沱江泛舟, 吊脚楼, 边城往事, 苗疆风情, golden hour lighting, atmospheric perspective, 8k resolution, photorealistic, masterpiece, depth of field",凤凰古城,GeoMelody AI · 中国,专属定制曲目,suno_004_fenghuang.mp3
5,lijiang,丽江古城,Old Town of Lijiang,中国,中国 · 云南丽江,100.2289,26.8721,古镇水乡 / 历史村落,玉龙雪山脚下的纳西古国，玉河水分三枝穿城而过。沿溪杨柳拂面，四方街茶香四溢，手鼓轻敲慢度悠然韶光。,纳西古乐、玉河柳荫、四方街、慵懒阳光,76,纳西和弦 · 温暖阳光,木吉他 · 手碟 · 葫芦丝 · 流水声,山间清风 / 微风拂过,云南慢调民谣、手碟与木吉他、葫芦丝、慵懒下午茶、阳光治愈、BPM 76、纳西和弦 · 温暖阳光、山间清风 / 微风拂过、高清无损立体声,"traditional oriental acoustic folk, guzheng, bamboo flute, acoustic guitar, peaceful water town vibe, relaxing, serene, instrumental, no vocals, 76 BPM, soft breeze, mountain wind ambience, pristine spatial reverb, emotional, cinematic travel vlog background music","Cinematic photography of Old Town of Lijiang (丽江古城), 中国 · 云南丽江, breathtaking view, 纳西古乐, 玉河柳荫, 四方街, 慵懒阳光, golden hour lighting, atmospheric perspective, 8k resolution, photorealistic, masterpiece, depth of field",丽江古城,GeoMelody AI · 中国,专属定制曲目,suno_005_lijiang.mp3
6,nanxun,南浔古镇 · 辑里丝香,Nanxun Ancient Town,中国,中国 · 浙江湖州,120.4282,30.8753,古镇水乡 / 历史村落,百间楼依河而筑，江南水乡与西洋折衷建筑奇妙融合。清晨阿婆在石桥边浣洗，橹声唉乃穿过小桥，静谧清雅。,百间楼、中西合璧、丝绸古镇、清雅脱俗,66,江南丝竹调,二胡 · 琵琶 · 潺潺流水 · 丝竹合奏,烟雨滴檐 / 细雨淅淅,江南丝竹古乐、琵琶与二胡轻拂、小桥流水人家、清雅闲适、BPM 66、江南丝竹调、烟雨滴檐 / 细雨淅淅、高清无损立体声,"traditional oriental acoustic folk, guzheng, bamboo flute, acoustic guitar, peaceful water town vibe, relaxing, serene, instrumental, no vocals, 66 BPM, gentle rain ambience, raindrops on roof, pristine spatial reverb, emotional, cinematic travel vlog background music","Cinematic photography of Nanxun Ancient Town (南浔古镇 · 辑里丝香), 中国 · 浙江湖州, breathtaking view, 百间楼, 中西合璧, 丝绸古镇, 清雅脱俗, golden hour lighting, atmospheric perspective, 8k resolution, photorealistic, masterpiece, depth of field",南浔古镇 · 辑里丝香,GeoMelody AI · 中国,专属定制曲目,suno_006_nanxun.mp3
7,xitang,西塘古镇 · 烟雨长廊,Xitang Water Town,中国,中国 · 浙江嘉善,120.891,30.945,古镇水乡 / 历史村落,千米烟雨长廊遮风挡雨，弄堂深处传来江南小调。薄雾升起，河灯随波逐流，载着对远方的静谧祝愿。,烟雨长廊、石皮弄、送子来凤桥、悠然江南,68,五声角调 · 烟波浩渺,竹笛 · 古筝轻捻 · 细雨润物,烟雨滴檐 / 细雨淅淅,西塘烟雨长廊古风纯音、古筝与竹笛、细雨霏霏、水波荡漾、静心、BPM 68、五声角调 · 烟波浩渺、烟雨滴檐 / 细雨淅淅、高清无损立体声,"traditional oriental acoustic folk, guzheng, bamboo flute, acoustic guitar, peaceful water town vibe, relaxing, serene, instrumental, no vocals, 68 BPM, gentle rain ambience, raindrops on roof, pristine spatial reverb, emotional, cinematic travel vlog background music","Cinematic photography of Xitang Water Town (西塘古镇 · 烟雨长廊), 中国 · 浙江嘉善, breathtaking view, 烟雨长廊, 石皮弄, 送子来凤桥, 悠然江南, golden hour lighting, atmospheric perspective, 8k resolution, photorealistic, masterpiece, depth of field",西塘古镇 · 烟雨长廊,GeoMelody AI · 中国,专属定制曲目,suno_007_xitang.mp3
8,wuyuan,婺源篁岭 · 晒秋梯田,Wuyuan Huangling Village,中国,中国 · 江西上饶,118.15,29.33,古镇水乡 / 历史村落,挂在山崖上的徽州古村。每逢秋收，红辣椒与金色玉米晾晒在竹匾之中，与粉墙黛瓦、金黄梯田交织成浓烈的丰收田园诗。,最美乡村、梯田花海、徽派晒秋、山野田园,72,田园五声调 · 暖阳,木吉他指弹 · 竹笛清音 · 鸟鸣山幽,晨曦鸟鸣 / 空山鸟语,乡村民谣纯器乐、木吉他与清脆笛声、田园风光、丰收阳光、治愈、BPM 72、田园五声调 · 暖阳、晨曦鸟鸣 / 空山鸟语、高清无损立体声,"traditional oriental acoustic folk, guzheng, bamboo flute, acoustic guitar, peaceful water town vibe, relaxing, serene, instrumental, no vocals, 72 BPM, morning bird singing, forest birds chirp, pristine spatial reverb, emotional, cinematic travel vlog background music","Cinematic photography of Wuyuan Huangling Village (婺源篁岭 · 晒秋梯田), 中国 · 江西上饶, breathtaking view, 最美乡村, 梯田花海, 徽派晒秋, 山野田园, golden hour lighting, atmospheric perspective, 8k resolution, photorealistic, masterpiece, depth of field",婺源篁岭 · 晒秋梯田,GeoMelody AI · 中国,专属定制曲目,suno_008_wuyuan.mp3
9,pingyao,平遥古城 · 晋商岁月,Pingyao Ancient City,中国,中国 · 山西晋中,112.1756,37.2025,古镇水乡 / 历史村落,保存最为完好的明清汉民族古城。高耸雄伟的古城墙、鳞次栉比的票号镖局，青砖灰瓦见证着数百年前晋商汇通天下的辉煌岁月。,明清古城、晋商故里、古城墙、厚重历史,64,北方宫商调 · 沧桑宏阔,古琴 · 编钟泛音 · 城楼长风,古刹钟声 / 远山清钟,北方古城历史感纯乐、古琴与编钟微音、厚重沧桑、古道悠悠、BPM 64、北方宫商调 · 沧桑宏阔、古刹钟声 / 远山清钟、高清无损立体声,"traditional oriental acoustic folk, guzheng, bamboo flute, acoustic guitar, peaceful water town vibe, relaxing, serene, instrumental, no vocals, 64 BPM, distant temple bell toll, meditation chime, pristine spatial reverb, emotional, cinematic travel vlog background music","Cinematic photography of Pingyao Ancient City (平遥古城 · 晋商岁月), 中国 · 山西晋中, breathtaking view, 明清古城, 晋商故里, 古城墙, 厚重历史, golden hour lighting, atmospheric perspective, 8k resolution, photorealistic, masterpiece, depth of field",平遥古城 · 晋商岁月,GeoMelody AI · 中国,专属定制曲目,suno_009_pingyao.mp3
10,kyoto,京都 · 二年坂与清水寺,Kyoto Ninenzaka & Kiyomizu,日本,日本 · 京都府,135.785,34.9949,古镇水乡 / 历史村落,青石阶梯两侧林立着百年町屋木阁，八坂之塔静静矗立在黄昏晚霞中。僧侣晚钟回荡在山峦枫林间，时间在禅意中缓缓驻足。,京都禅韵、八坂之塔、町屋古道、风雅晚钟,60,日式雅乐调 · 432Hz,尺八 · 日本筝 · 晚钟鸣响 · 庭院水竹滴水,古刹钟声 / 远山清钟,京都禅意古典纯乐、尺八与日本筝、寺庙晚钟、竹水滴水、静心专注、BPM 60、日式雅乐调 · 432Hz、古刹钟声 / 远山清钟、高清无损立体声,"traditional oriental acoustic folk, guzheng, bamboo flute, acoustic guitar, peaceful water town vibe, relaxing, serene, instrumental, no vocals, 60 BPM, distant temple bell toll, meditation chime, pristine spatial reverb, emotional, cinematic travel vlog background music","Cinematic photography of Kyoto Ninenzaka & Kiyomizu (京都 · 二年坂与清水寺), 日本 · 京都府, breathtaking view, 京都禅韵, 八坂之塔, 町屋古道, 风雅晚钟, golden hour lighting, atmospheric perspective, 8k resolution, photorealistic, masterpiece, depth of field",京都 · 二年坂与清水寺,GeoMelody AI · 日本,专属定制曲目,suno_010_kyoto.mp3
11,shirakawago,白川乡合掌村,Shirakawa-go Village,日本,日本 · 岐阜县,136.9064,36.2572,古镇水乡 / 历史村落,宛如童话森林般的茅草合掌造屋舍，隐匿在群山叠翠与冬日暖雪之间。炊烟袅袅，抚平世俗的喧嚣。,合掌造、童话山村、日式风吕、世外桃源,64,日式In-sen调 · 宁静,尺八 · 钢片琴 · 微风风铃 · 温暖和弦,山间清风 / 微风拂过,日式禅意环境音、尺八与温暖钢琴、风铃微动、木屋炊烟、治愈安眠、BPM 64、日式In-sen调 · 宁静、山间清风 / 微风拂过、高清无损立体声,"traditional oriental acoustic folk, guzheng, bamboo flute, acoustic guitar, peaceful water town vibe, relaxing, serene, instrumental, no vocals, 64 BPM, soft breeze, mountain wind ambience, pristine spatial reverb, emotional, cinematic travel vlog background music","Cinematic photography of Shirakawa-go Village (白川乡合掌村), 日本 · 岐阜县, breathtaking view, 合掌造, 童话山村, 日式风吕, 世外桃源, golden hour lighting, atmospheric perspective, 8k resolution, photorealistic, masterpiece, depth of field",白川乡合掌村,GeoMelody AI · 日本,专属定制曲目,suno_011_shirakawago.mp3
12,hallstatt,哈尔施塔特湖畔小镇,Hallstatt Lakeside Village,奥地利,奥地利 · 萨尔茨卡默古特,13.6493,47.5622,古镇水乡 / 历史村落,依山傍水的阿尔卑斯明珠。木屋层叠倒映在碧绿的湖光中，天鹅划开微波，仿佛掉进了欧洲古典童话之中。,童话小镇、阿尔卑斯湖泊、木屋花台、古典浪漫,72,Acoustic Folk · D Major,原声大提琴 · 竖琴 · 湖水拍岸,环境声场,欧洲湖畔小镇古典纯乐、竖琴与提琴、宁静湖水、晨光洒落、唯美浪漫、BPM 72、Acoustic Folk · D Major、环境声场、高清无损立体声,"traditional oriental acoustic folk, guzheng, bamboo flute, acoustic guitar, peaceful water town vibe, relaxing, serene, instrumental, no vocals, 72 BPM, natural ambient soundscape, pristine spatial reverb, emotional, cinematic travel vlog background music","Cinematic photography of Hallstatt Lakeside Village (哈尔施塔特湖畔小镇), 奥地利 · 萨尔茨卡默古特, breathtaking view, 童话小镇, 阿尔卑斯湖泊, 木屋花台, 古典浪漫, golden hour lighting, atmospheric perspective, 8k resolution, photorealistic, masterpiece, depth of field",哈尔施塔特湖畔小镇,GeoMelody AI · 奥地利,专属定制曲目,suno_012_hallstatt.mp3
13,florence,佛罗伦萨 · 阿尔诺河老桥,Florence Ponte Vecchio,意大利,意大利 · 托斯卡纳,11.2531,43.7687,古镇水乡 / 历史村落,文艺复兴的心脏。阿尔诺河在老桥下静静流淌，圣母百花大教堂的红色穹顶沐浴在托斯卡纳的金色夕阳中，散发着诗性光辉。,文艺复兴、老桥晚霞、托斯卡纳、古典艺术,68,Renaissance Romance · G Major,羽管键琴 · 古典提琴 · 河水微漾,环境声场,意大利托斯卡纳古典器乐、大提琴与小提琴、文艺复兴浪漫、黄昏夕阳、BPM 68、Renaissance Romance · G Major、环境声场、高清无损立体声,"traditional oriental acoustic folk, guzheng, bamboo flute, acoustic guitar, peaceful water town vibe, relaxing, serene, instrumental, no vocals, 68 BPM, natural ambient soundscape, pristine spatial reverb, emotional, cinematic travel vlog background music","Cinematic photography of Florence Ponte Vecchio (佛罗伦萨 · 阿尔诺河老桥), 意大利 · 托斯卡纳, breathtaking view, 文艺复兴, 老桥晚霞, 托斯卡纳, 古典艺术, golden hour lighting, atmospheric perspective, 8k resolution, photorealistic, masterpiece, depth of field",佛罗伦萨 · 阿尔诺河老桥,GeoMelody AI · 意大利,专属定制曲目,suno_013_florence.mp3
14,meili,梅里雪山 · 卡瓦格博,Meili Snow Mountain,中国,中国 · 云南德钦,98.6836,28.4372,名山胜岳 / 巍峨雪峰,神圣不可侵犯的十三峰，当第一缕金色晨光洒在主峰卡瓦格博雪顶，日照金山的壮美足以震撼每一个瞻仰者的灵魂。,日照金山、雪山之神、藏传朝圣、神圣静谧,56,432Hz 颂钵 Pad · 降E大调,西藏颂钵 · 环境氛围合成器 · 远山松风 · 铜钦低音,山间清风 / 微风拂过,空灵辽阔雪山、西藏颂钵、低沉合成器Pad、日照金山神圣感、低节奏深度冥想、BPM 56、432Hz 颂钵 Pad · 降E大调、山间清风 / 微风拂过、高清无损立体声,"cinematic ambient, grand mountain landscape, epic yet calm, airy bamboo flute, handpan, strings, ethereal atmosphere, instrumental, no vocals, 56 BPM, soft breeze, mountain wind ambience, pristine spatial reverb, emotional, cinematic travel vlog background music","Cinematic photography of Meili Snow Mountain (梅里雪山 · 卡瓦格博), 中国 · 云南德钦, breathtaking view, 日照金山, 雪山之神, 藏传朝圣, 神圣静谧, golden hour lighting, atmospheric perspective, 8k resolution, photorealistic, masterpiece, depth of field",梅里雪山 · 卡瓦格博,GeoMelody AI · 中国,专属定制曲目,suno_014_meili.mp3
15,yulong,玉龙雪山 · 蓝月谷,Jade Dragon Snow Mountain,中国,中国 · 云南丽江,100.2458,27.1084,名山胜岳 / 巍峨雪峰,十三座银峰晶莹连绵如玉龙腾跃。山脚下蓝月谷水如凝碧宝石，雪水潺潺流过白水台，清澈透亮沁人心脾。,蓝月谷、冰川公园、纳西神山、雪山倒影,60,清澈高原调 · C大调,清脆钢琴 · 冰晶音色 · 谷间清风,山间清风 / 微风拂过,晶莹清澈的雪山钢琴曲、空灵冰晶音色、流水与微风、纯净专注背景乐、BPM 60、清澈高原调 · C大调、山间清风 / 微风拂过、高清无损立体声,"cinematic ambient, grand mountain landscape, epic yet calm, airy bamboo flute, handpan, strings, ethereal atmosphere, instrumental, no vocals, 60 BPM, soft breeze, mountain wind ambience, pristine spatial reverb, emotional, cinematic travel vlog background music","Cinematic photography of Jade Dragon Snow Mountain (玉龙雪山 · 蓝月谷), 中国 · 云南丽江, breathtaking view, 蓝月谷, 冰川公园, 纳西神山, 雪山倒影, golden hour lighting, atmospheric perspective, 8k resolution, photorealistic, masterpiece, depth of field",玉龙雪山 · 蓝月谷,GeoMelody AI · 中国,专属定制曲目,suno_015_yulong.mp3
16,kailash,冈仁波齐 · 万山之祖,Mount Kailash,中国,中国 · 西藏阿里,81.3125,31.0667,名山胜岳 / 巍峨雪峰,世界的中心，众神的居所。金字塔般的对称雪峰耸立在苍穹之上，经幡在狂风中猎猎作响，转山者的脚步沉稳而坚定。,世界中心、转山朝圣、神圣金字塔、极致空灵,52,528Hz 宇宙共振 · 无调性,深沉回响颂钵 · 经幡狂风 · 低频共鸣,山间清风 / 微风拂过,西藏神山阿里无人区氛围音乐、528Hz冥想颂钵、深邃宇宙回响、无节拍纯静心、BPM 52、528Hz 宇宙共振 · 无调性、山间清风 / 微风拂过、高清无损立体声,"cinematic ambient, grand mountain landscape, epic yet calm, airy bamboo flute, handpan, strings, ethereal atmosphere, instrumental, no vocals, 52 BPM, soft breeze, mountain wind ambience, pristine spatial reverb, emotional, cinematic travel vlog background music","Cinematic photography of Mount Kailash (冈仁波齐 · 万山之祖), 中国 · 西藏阿里, breathtaking view, 世界中心, 转山朝圣, 神圣金字塔, 极致空灵, golden hour lighting, atmospheric perspective, 8k resolution, photorealistic, masterpiece, depth of field",冈仁波齐 · 万山之祖,GeoMelody AI · 中国,专属定制曲目,suno_016_kailash.mp3
17,yading,稻城亚丁 · 仙乃日三神山,Daocheng Yading,中国,中国 · 四川甘孜,100.3475,28.3842,名山胜岳 / 巍峨雪峰,仙乃日、央迈勇、夏诺多吉三座神山护佑着牛奶海与五色海。草甸金黄，溪流清冽，仿佛遗落在人间的香格里拉。,香格里拉、牛奶海、三怙主神山、绝美秋色,62,高原民谣 · G大调,清脆木吉他 · 空灵弦乐组 · 高原鹰鸣,山间清风 / 微风拂过,香格里拉原生态纯音乐、木吉他与宽广弦乐、高原微风、治愈释放、BPM 62、高原民谣 · G大调、山间清风 / 微风拂过、高清无损立体声,"cinematic ambient, grand mountain landscape, epic yet calm, airy bamboo flute, handpan, strings, ethereal atmosphere, instrumental, no vocals, 62 BPM, soft breeze, mountain wind ambience, pristine spatial reverb, emotional, cinematic travel vlog background music","Cinematic photography of Daocheng Yading (稻城亚丁 · 仙乃日三神山), 中国 · 四川甘孜, breathtaking view, 香格里拉, 牛奶海, 三怙主神山, 绝美秋色, golden hour lighting, atmospheric perspective, 8k resolution, photorealistic, masterpiece, depth of field",稻城亚丁 · 仙乃日三神山,GeoMelody AI · 中国,专属定制曲目,suno_017_yading.mp3
18,gongga,贡嘎雪山 · 蜀山之王,Mount Gongga (Minya Konka),中国,中国 · 四川康定,101.8797,29.5958,名山胜岳 / 巍峨雪峰,海拔7556米的蜀山之王，金字塔状的主峰直插天际。海螺沟冰瀑布宛若银河凝固倾泻，冷嘎措倒映着无与伦比的雪山圣影。,蜀山之王、海螺沟冰川、冷嘎措倒影、巍峨险峻,54,川西高原调 · 宽广宏大,大提琴低鸣 · 高原长号 · 冰川风啸,山间清风 / 微风拂过,贡嘎雪山宏伟交响氛围乐、大提琴长弓、冰川呼啸风声、广袤壮丽、BPM 54、川西高原调 · 宽广宏大、山间清风 / 微风拂过、高清无损立体声,"cinematic ambient, grand mountain landscape, epic yet calm, airy bamboo flute, handpan, strings, ethereal atmosphere, instrumental, no vocals, 54 BPM, soft breeze, mountain wind ambience, pristine spatial reverb, emotional, cinematic travel vlog background music","Cinematic photography of Mount Gongga (Minya Konka) (贡嘎雪山 · 蜀山之王), 中国 · 四川康定, breathtaking view, 蜀山之王, 海螺沟冰川, 冷嘎措倒影, 巍峨险峻, golden hour lighting, atmospheric perspective, 8k resolution, photorealistic, masterpiece, depth of field",贡嘎雪山 · 蜀山之王,GeoMelody AI · 中国,专属定制曲目,suno_018_gongga.mp3
19,siguniang,四姑娘山 · 东方圣山,Mount Siguniang (Four Sisters),中国,中国 · 四川阿坝小金,102.9028,31.1111,名山胜岳 / 巍峨雪峰,四座白雪皑皑的山峰亭亭玉立在长坪沟与双桥沟上方。草甸、红杉、沙棘林环绕，被誉为东方的阿尔卑斯。,东方阿尔卑斯、双桥沟、攀冰圣地、纯净草甸,64,Acoustic Nature · E Major,原声民谣吉他 · 溪流潺潺 · 冰雪微风,山间清风 / 微风拂过,四姑娘山清新民谣纯乐、原声吉他、山间溪流、阳光松林、放松惬意、BPM 64、Acoustic Nature · E Major、山间清风 / 微风拂过、高清无损立体声,"cinematic ambient, grand mountain landscape, epic yet calm, airy bamboo flute, handpan, strings, ethereal atmosphere, instrumental, no vocals, 64 BPM, soft breeze, mountain wind ambience, pristine spatial reverb, emotional, cinematic travel vlog background music","Cinematic photography of Mount Siguniang (Four Sisters) (四姑娘山 · 东方圣山), 中国 · 四川阿坝小金, breathtaking view, 东方阿尔卑斯, 双桥沟, 攀冰圣地, 纯净草甸, golden hour lighting, atmospheric perspective, 8k resolution, photorealistic, masterpiece, depth of field",四姑娘山 · 东方圣山,GeoMelody AI · 中国,专属定制曲目,suno_019_siguniang.mp3
20,everest,珠穆朗玛峰 · 世界之巅,Mount Everest (Qomolangma),中国,中国/尼泊尔 · 日喀则定日,86.925,27.9881,名山胜岳 / 巍峨雪峰,海拔8848.86米的世界屋脊。绒布寺前仰望巨大的北壁金字塔，在八千米之上的狂风与稀薄空气中，感受对大自然最极致的敬畏。,世界之巅、珠峰大本营、日照金山、极限之境,50,Epic Drone · 432Hz,宇宙深空合成器 · 极低频风鸣 · 西藏铜钦,山间清风 / 微风拂过,世界屋脊珠穆朗玛峰史诗氛围音乐、极低频风鸣、深邃宇宙回响、震撼敬畏、BPM 50、Epic Drone · 432Hz、山间清风 / 微风拂过、高清无损立体声,"cinematic ambient, grand mountain landscape, epic yet calm, airy bamboo flute, handpan, strings, ethereal atmosphere, instrumental, no vocals, 50 BPM, soft breeze, mountain wind ambience, pristine spatial reverb, emotional, cinematic travel vlog background music","Cinematic photography of Mount Everest (Qomolangma) (珠穆朗玛峰 · 世界之巅), 中国/尼泊尔 · 日喀则定日, breathtaking view, 世界之巅, 珠峰大本营, 日照金山, 极限之境, golden hour lighting, atmospheric perspective, 8k resolution, photorealistic, masterpiece, depth of field",珠穆朗玛峰 · 世界之巅,GeoMelody AI · 中国,专属定制曲目,suno_020_everest.mp3
21,fuji,富士山 · 富士五湖,Mount Fuji & Fuji Five Lakes,日本,日本 · 山梨/静冈,138.7274,35.3606,名山胜岳 / 巍峨雪峰,完美的对称火山锥，山顶终年白雪皑皑。河口湖畔樱花盛开或红叶满山，倒影在宁静的湖面中，静谧祥和。,逆富士、樱花雪峰、日式极简、河口湖畔,60,日式雅乐调 · 432Hz,日本筝 · 柔美长笛 · 湖面微风,山间清风 / 微风拂过,富士山日式禅乐、日本筝与清柔长笛、微风拂过湖水、静心专注、BPM 60、日式雅乐调 · 432Hz、山间清风 / 微风拂过、高清无损立体声,"cinematic ambient, grand mountain landscape, epic yet calm, airy bamboo flute, handpan, strings, ethereal atmosphere, instrumental, no vocals, 60 BPM, soft breeze, mountain wind ambience, pristine spatial reverb, emotional, cinematic travel vlog background music","Cinematic photography of Mount Fuji & Fuji Five Lakes (富士山 · 富士五湖), 日本 · 山梨/静冈, breathtaking view, 逆富士, 樱花雪峰, 日式极简, 河口湖畔, golden hour lighting, atmospheric perspective, 8k resolution, photorealistic, masterpiece, depth of field",富士山 · 富士五湖,GeoMelody AI · 日本,专属定制曲目,suno_021_fuji.mp3
22,matterhorn,马特洪峰 · 阿尔卑斯之巅,Matterhorn Alpine Peak,瑞士,瑞士 · 采尔马特,7.6586,45.9763,名山胜岳 / 巍峨雪峰,阿尔卑斯山脉中最具辨识度的锥形巨峰。清晨第一缕阳光将其点燃成金色火炬，里弗尔湖中倒映着孤傲的身影。,阿尔卑斯之王、黄金日出、冰川列车、极致壮阔,58,Epic Ambient · D Minor,温暖圆号长音 · 空间合成器Pad · 冰川风啸,山间清风 / 微风拂过,瑞士阿尔卑斯山宏伟纯音乐、温暖圆号与空间Pad、清冷辽阔、沉浸式静谧、BPM 58、Epic Ambient · D Minor、山间清风 / 微风拂过、高清无损立体声,"cinematic ambient, grand mountain landscape, epic yet calm, airy bamboo flute, handpan, strings, ethereal atmosphere, instrumental, no vocals, 58 BPM, soft breeze, mountain wind ambience, pristine spatial reverb, emotional, cinematic travel vlog background music","Cinematic photography of Matterhorn Alpine Peak (马特洪峰 · 阿尔卑斯之巅), 瑞士 · 采尔马特, breathtaking view, 阿尔卑斯之王, 黄金日出, 冰川列车, 极致壮阔, golden hour lighting, atmospheric perspective, 8k resolution, photorealistic, masterpiece, depth of field",马特洪峰 · 阿尔卑斯之巅,GeoMelody AI · 瑞士,专属定制曲目,suno_022_matterhorn.mp3
23,lofoten,罗弗敦群岛 · 极光与雪山,Lofoten Islands & Aurora,挪威,挪威 · 诺尔兰郡,13.6263,68.2354,名山胜岳 / 巍峨雪峰,北极圈内的壮丽峡湾与险峻雪峰。红色渔屋矗立在冰海之滨，冬季绿色的北极光在繁星与雪巅上跳起天幕之舞。,北极极光、峡湾雪峰、红色渔屋、极夜奇观,56,Nordic Drone · E Minor,北欧大提琴 · 极光音效Pad · 北冰洋拍岸浪,环境声场,北欧极光氛围纯音乐、空灵大提琴、冰洋微浪、清冷神圣、助眠冥想、BPM 56、Nordic Drone · E Minor、环境声场、高清无损立体声,"cinematic ambient, grand mountain landscape, epic yet calm, airy bamboo flute, handpan, strings, ethereal atmosphere, instrumental, no vocals, 56 BPM, natural ambient soundscape, pristine spatial reverb, emotional, cinematic travel vlog background music","Cinematic photography of Lofoten Islands & Aurora (罗弗敦群岛 · 极光与雪山), 挪威 · 诺尔兰郡, breathtaking view, 北极极光, 峡湾雪峰, 红色渔屋, 极夜奇观, golden hour lighting, atmospheric perspective, 8k resolution, photorealistic, masterpiece, depth of field",罗弗敦群岛 · 极光与雪山,GeoMelody AI · 挪威,专属定制曲目,suno_023_lofoten.mp3
24,sanya,三亚蜈支洲岛 · 蔚蓝之境,Sanya Wuzhizhou Island,中国,中国 · 海南三亚,109.7618,18.3142,海滨海岛 / 蔚蓝海域,中国版马尔代夫。果冻般通透的蔚蓝海水轻抚细白沙滩，椰林随海风婆娑起舞，落日将整片天空染成蜜桃粉金。,果冻海、椰梦长廊、热带落日、海边度假,72,Bossa Nova · F Major,轻快尼龙吉他 · 柔美电钢琴 · 潮汐白噪音 · 椰林风声,环境声场,热带海岛Bossa Nova纯乐、轻快尼龙吉他、柔美电钢琴、真实海浪潮汐、夏日治愈、BPM 72、Bossa Nova · F Major、环境声场、高清无损立体声,"tropical chillout, acoustic guitar, smooth piano, ukulele, ocean wave ambient, peaceful seaside sunset, warm breeze, instrumental, no vocals, 72 BPM, natural ambient soundscape, pristine spatial reverb, emotional, cinematic travel vlog background music","Cinematic photography of Sanya Wuzhizhou Island (三亚蜈支洲岛 · 蔚蓝之境), 中国 · 海南三亚, breathtaking view, 果冻海, 椰梦长廊, 热带落日, 海边度假, golden hour lighting, atmospheric perspective, 8k resolution, photorealistic, masterpiece, depth of field",三亚蜈支洲岛 · 蔚蓝之境,GeoMelody AI · 中国,专属定制曲目,suno_024_sanya.mp3
25,weizhou,涠洲岛 · 火山岩鳄鱼山,Weizhou Island Volcano Coast,中国,中国 · 广西北海,109.1167,21.05,海滨海岛 / 蔚蓝海域,中国最大最年轻的火山岛。黑色玄武岩海蚀崖壁与翡翠色海水激烈碰撞，暮崖落日将无边大海照耀得金光灿烂。,火山地质、暮崖日落、海蚀奇观、南国海岛,68,Sunset Acoustic · G Major,原声吉他扫弦 · 潮汐微澜 · 南国海风,环境声场,海岛黄昏吉他民谣纯乐、海浪拍岸、温暖夕阳、松弛自得、BPM 68、Sunset Acoustic · G Major、环境声场、高清无损立体声,"tropical chillout, acoustic guitar, smooth piano, ukulele, ocean wave ambient, peaceful seaside sunset, warm breeze, instrumental, no vocals, 68 BPM, natural ambient soundscape, pristine spatial reverb, emotional, cinematic travel vlog background music","Cinematic photography of Weizhou Island Volcano Coast (涠洲岛 · 火山岩鳄鱼山), 中国 · 广西北海, breathtaking view, 火山地质, 暮崖日落, 海蚀奇观, 南国海岛, golden hour lighting, atmospheric perspective, 8k resolution, photorealistic, masterpiece, depth of field",涠洲岛 · 火山岩鳄鱼山,GeoMelody AI · 中国,专属定制曲目,suno_025_weizhou.mp3
26,maldives,马尔代夫 · 蓝色环礁,Maldives Atolls,马尔代夫,马尔代夫 · 印度洋,73.2207,3.2028,海滨海岛 / 蔚蓝海域,印度洋上的花环。水上屋悬浮于翡翠般的泻湖之上，五彩斑斓的珊瑚礁与热带鱼环绕，躺在吊床上聆听潮起潮落。,印度洋珍珠、水上木屋、珊瑚礁泻湖、极致松弛,66,Chill Ambient · C Major,柔和Rhodes钢琴 · 舒缓海浪 · 尤克里里微音,环境声场,海岛度假极简氛围音乐、Rhodes电钢琴和弦、慢节奏海浪涌动、无忧无虑松弛、BPM 66、Chill Ambient · C Major、环境声场、高清无损立体声,"tropical chillout, acoustic guitar, smooth piano, ukulele, ocean wave ambient, peaceful seaside sunset, warm breeze, instrumental, no vocals, 66 BPM, natural ambient soundscape, pristine spatial reverb, emotional, cinematic travel vlog background music","Cinematic photography of Maldives Atolls (马尔代夫 · 蓝色环礁), 马尔代夫 · 印度洋, breathtaking view, 印度洋珍珠, 水上木屋, 珊瑚礁泻湖, 极致松弛, golden hour lighting, atmospheric perspective, 8k resolution, photorealistic, masterpiece, depth of field",马尔代夫 · 蓝色环礁,GeoMelody AI · 马尔代夫,专属定制曲目,suno_026_maldives.mp3
27,bali,巴厘岛 · 乌鲁瓦图断崖,Bali Uluwatu Cliff,印度尼西亚,印度尼西亚 · 巴厘岛,115.0849,-8.8291,海滨海岛 / 蔚蓝海域,情人崖下惊涛拍岸，壮丽的印度洋夕阳在此沉入海平线。晚霞将天空染成紫金与熔铜，海浪声回荡在悬崖古寺之间。,情人崖夕阳、印度洋巨浪、巴厘神庙、心灵庇护所,70,Gamelan Fusion · 温暖E调,竹琴加美兰 · 原声吉他 · 巨浪拍击,环境声场,巴厘岛异域清雅器乐、加美兰金属微音、木吉他扫弦、海浪撞击悬崖、黄昏氛围、BPM 70、Gamelan Fusion · 温暖E调、环境声场、高清无损立体声,"tropical chillout, acoustic guitar, smooth piano, ukulele, ocean wave ambient, peaceful seaside sunset, warm breeze, instrumental, no vocals, 70 BPM, natural ambient soundscape, pristine spatial reverb, emotional, cinematic travel vlog background music","Cinematic photography of Bali Uluwatu Cliff (巴厘岛 · 乌鲁瓦图断崖), 印度尼西亚 · 巴厘岛, breathtaking view, 情人崖夕阳, 印度洋巨浪, 巴厘神庙, 心灵庇护所, golden hour lighting, atmospheric perspective, 8k resolution, photorealistic, masterpiece, depth of field",巴厘岛 · 乌鲁瓦图断崖,GeoMelody AI · 印度尼西亚,专属定制曲目,suno_027_bali.mp3
28,santorini,圣托里尼 · 伊亚爱琴海,Santorini Oia & Aegean Sea,希腊,希腊 · 基克拉泽斯群岛,25.3753,36.4618,海滨海岛 / 蔚蓝海域,蓝顶教堂与纯白洞穴屋依火山口悬崖而建。俯瞰深邃无垠的爱琴海，全世界最迷人的落日在这里徐徐谢幕。,爱琴海日落、蓝白小镇、悬崖火山口、地中海之梦,74,Mediterranean Acoustic · D Major,曼陀林 · 尼龙古典吉他 · 地中海海风,环境声场,地中海浪漫古典吉他与曼陀林、轻柔海浪拍打岩石、夏日微风、明朗治愈、BPM 74、Mediterranean Acoustic · D Major、环境声场、高清无损立体声,"tropical chillout, acoustic guitar, smooth piano, ukulele, ocean wave ambient, peaceful seaside sunset, warm breeze, instrumental, no vocals, 74 BPM, natural ambient soundscape, pristine spatial reverb, emotional, cinematic travel vlog background music","Cinematic photography of Santorini Oia & Aegean Sea (圣托里尼 · 伊亚爱琴海), 希腊 · 基克拉泽斯群岛, breathtaking view, 爱琴海日落, 蓝白小镇, 悬崖火山口, 地中海之梦, golden hour lighting, atmospheric perspective, 8k resolution, photorealistic, masterpiece, depth of field",圣托里尼 · 伊亚爱琴海,GeoMelody AI · 希腊,专属定制曲目,suno_028_santorini.mp3
29,semporna,仙本那 · 玻璃海与巴瑶水上屋,Semporna Glass Ocean,马来西亚,马来西亚 · 沙巴州,118.6112,4.4812,海滨海岛 / 蔚蓝海域,船只宛如悬浮在纯净透明的玻璃海上。海上游牧民族巴瑶人的高脚木屋伫立在碧波之中，远离陆地喧嚣。,悬浮玻璃海、巴瑶族、潜水天堂、透明泻湖,64,Crystal Breeze · C Major,清脆木琴 · 尤克里里 · 水波微音,环境声场,热带玻璃海清爽纯音乐、木琴叮咚、海浪清澈、透明阳光、BPM 64、Crystal Breeze · C Major、环境声场、高清无损立体声,"tropical chillout, acoustic guitar, smooth piano, ukulele, ocean wave ambient, peaceful seaside sunset, warm breeze, instrumental, no vocals, 64 BPM, natural ambient soundscape, pristine spatial reverb, emotional, cinematic travel vlog background music","Cinematic photography of Semporna Glass Ocean (仙本那 · 玻璃海与巴瑶水上屋), 马来西亚 · 沙巴州, breathtaking view, 悬浮玻璃海, 巴瑶族, 潜水天堂, 透明泻湖, golden hour lighting, atmospheric perspective, 8k resolution, photorealistic, masterpiece, depth of field",仙本那 · 玻璃海与巴瑶水上屋,GeoMelody AI · 马来西亚,专属定制曲目,suno_029_semporna.mp3
30,borabora,波拉波拉岛 · 太平洋珍珠,Bora Bora Lagoon,法属波利尼西亚,法属波利尼西亚 · 太平洋,-151.7415,-16.5004,海滨海岛 / 蔚蓝海域,死火山奥特马努峰高耸在渐变七彩泻湖中央。水上木屋直通温暖清澈的珊瑚海，被誉为太平洋上最接近天堂的地方。,七彩泻湖、水上草屋、火山泻湖、奢华避世,62,Polynesian Chill · F Major,柔音电钢琴 · 尤克里里和弦 · 温暖海浪,环境声场,南太平洋波利尼西亚风情纯音、电钢琴与海浪和声、度假放松、深层释压、BPM 62、Polynesian Chill · F Major、环境声场、高清无损立体声,"tropical chillout, acoustic guitar, smooth piano, ukulele, ocean wave ambient, peaceful seaside sunset, warm breeze, instrumental, no vocals, 62 BPM, natural ambient soundscape, pristine spatial reverb, emotional, cinematic travel vlog background music","Cinematic photography of Bora Bora Lagoon (波拉波拉岛 · 太平洋珍珠), 法属波利尼西亚 · 太平洋, breathtaking view, 七彩泻湖, 水上草屋, 火山泻湖, 奢华避世, golden hour lighting, atmospheric perspective, 8k resolution, photorealistic, masterpiece, depth of field",波拉波拉岛 · 太平洋珍珠,GeoMelody AI · 法属波利尼西亚,专属定制曲目,suno_030_borabora.mp3
31,dunhuang,敦煌鸣沙山 · 月牙泉,Dunhuang Crescent Spring,中国,中国 · 甘肃敦煌,94.6681,40.0863,浩瀚大漠 / 丝路遗迹,沙泉共处千百年，月牙一湾碧水深藏大漠腹地。落日西下，驼铃声声回荡在漫漫丝绸之路上，大漠孤烟尽显苍凉壮美。,沙水共生、丝路驼铃、大漠孤烟、千年绝唱,64,西北羽调 · 悠远凄美,大提琴 · 埙 · 驼铃轻摇 · 荒漠风沙,山间清风 / 微风拂过,丝绸之路大漠苍凉纯音乐、大提琴独奏、埙与远古驼铃、风沙呼啸、深沉辽阔、BPM 64、西北羽调 · 悠远凄美、山间清风 / 微风拂过、高清无损立体声,"silk road world music, oud, duduk, middle eastern hand percussion, desert wind, mysterious, atmospheric journey, instrumental, no vocals, 64 BPM, soft breeze, mountain wind ambience, pristine spatial reverb, emotional, cinematic travel vlog background music","Cinematic photography of Dunhuang Crescent Spring (敦煌鸣沙山 · 月牙泉), 中国 · 甘肃敦煌, breathtaking view, 沙水共生, 丝路驼铃, 大漠孤烟, 千年绝唱, golden hour lighting, atmospheric perspective, 8k resolution, photorealistic, masterpiece, depth of field",敦煌鸣沙山 · 月牙泉,GeoMelody AI · 中国,专属定制曲目,suno_031_dunhuang.mp3
32,shapotou,中卫沙坡头 · 黄河九曲,Zhongwei Shapotou & Yellow River,中国,中国 · 宁夏中卫,104.9654,37.4984,浩瀚大漠 / 丝路遗迹,腾格里沙漠与滔滔黄河在此绝美相拥。大漠孤烟直，长河落日圆的千古诗境在此化为真实，羊皮筏子顺流东下。,大漠黄河、腾格里沙漠、长河落日、羊皮筏子,66,秦腔哀调变奏 · D Minor,马头琴 · 板胡柔音 · 黄河滔滔水声,山间清风 / 微风拂过,大河与沙漠交汇壮阔乐曲、马头琴悠扬、长河落日意境、苍茫大气、BPM 66、秦腔哀调变奏 · D Minor、山间清风 / 微风拂过、高清无损立体声,"silk road world music, oud, duduk, middle eastern hand percussion, desert wind, mysterious, atmospheric journey, instrumental, no vocals, 66 BPM, soft breeze, mountain wind ambience, pristine spatial reverb, emotional, cinematic travel vlog background music","Cinematic photography of Zhongwei Shapotou & Yellow River (中卫沙坡头 · 黄河九曲), 中国 · 宁夏中卫, breathtaking view, 大漠黄河, 腾格里沙漠, 长河落日, 羊皮筏子, golden hour lighting, atmospheric perspective, 8k resolution, photorealistic, masterpiece, depth of field",中卫沙坡头 · 黄河九曲,GeoMelody AI · 中国,专属定制曲目,suno_032_shapotou.mp3
33,taklamakan,塔克拉玛干 · 死亡之海胡杨林,Taklamakan Desert & Poplar Forest,中国,中国 · 新疆巴音郭楞,83,39,浩瀚大漠 / 丝路遗迹,浩瀚无垠的金色沙海，千年不死的胡杨林坚毅伫立。秋风吹过，满目金黄如烈火燃烧，诉说着亘古荒原的生命奇迹。,死亡之海、千年胡杨、金色沙海、坚毅生命,60,西域木卡姆调 · 苍茫,热瓦普微音 · 低音弦乐 · 广袤风声,山间清风 / 微风拂过,新疆西域沙漠纯器乐、热瓦普与大提琴交织、千年胡杨苍茫之美、专注沉思、BPM 60、西域木卡姆调 · 苍茫、山间清风 / 微风拂过、高清无损立体声,"silk road world music, oud, duduk, middle eastern hand percussion, desert wind, mysterious, atmospheric journey, instrumental, no vocals, 60 BPM, soft breeze, mountain wind ambience, pristine spatial reverb, emotional, cinematic travel vlog background music","Cinematic photography of Taklamakan Desert & Poplar Forest (塔克拉玛干 · 死亡之海胡杨林), 中国 · 新疆巴音郭楞, breathtaking view, 死亡之海, 千年胡杨, 金色沙海, 坚毅生命, golden hour lighting, atmospheric perspective, 8k resolution, photorealistic, masterpiece, depth of field",塔克拉玛干 · 死亡之海胡杨林,GeoMelody AI · 中国,专属定制曲目,suno_033_taklamakan.mp3
34,kumtag,库木塔格沙漠 · 城中沙山,Kumtag Desert,中国,中国 · 新疆吐鲁番鄯善,90.2333,42.85,浩瀚大漠 / 丝路遗迹,世界上唯一与城市相连的沙漠。金色羽状沙丘起伏连绵，夕阳下的沙脊线如刀锋般优美流畅，千百年绿洲与黄沙相安无事。,羽状沙丘、大漠绿洲、落日余晖、丝路风情,62,丝路羽调 · D Minor,手鼓柔击 · 琵琶泛音 · 苍茫风声,山间清风 / 微风拂过,丝绸之路西域风情纯乐、柔和手鼓与琵琶、金色沙丘晚霞、冥想沉浸、BPM 62、丝路羽调 · D Minor、山间清风 / 微风拂过、高清无损立体声,"silk road world music, oud, duduk, middle eastern hand percussion, desert wind, mysterious, atmospheric journey, instrumental, no vocals, 62 BPM, soft breeze, mountain wind ambience, pristine spatial reverb, emotional, cinematic travel vlog background music","Cinematic photography of Kumtag Desert (库木塔格沙漠 · 城中沙山), 中国 · 新疆吐鲁番鄯善, breathtaking view, 羽状沙丘, 大漠绿洲, 落日余晖, 丝路风情, golden hour lighting, atmospheric perspective, 8k resolution, photorealistic, masterpiece, depth of field",库木塔格沙漠 · 城中沙山,GeoMelody AI · 中国,专属定制曲目,suno_034_kumtag.mp3
35,sahara,撒哈拉沙漠 · 星空之夜,Sahara Desert & Starry Night,摩洛哥,摩洛哥 · 梅尔祖卡,-4.0133,31.0801,浩瀚大漠 / 丝路遗迹,全球最大的沙海，巨大的红色沙丘在月光下如凝固的浪涛。夜幕降临，整个银河如瀑布般倾泻而下，天地间只余寂静。,撒哈拉星空、红色沙丘、游牧星宿、宇宙孤寂,54,Ambient Desert · E Minor,乌德琴 · 氛围合成器 · 夜风微啸 · 篝火余烬,环境声场,撒哈拉沙漠璀璨星空氛围乐、乌德琴轻拨、篝火劈啪、深邃宇宙感、助眠冥想、BPM 54、Ambient Desert · E Minor、环境声场、高清无损立体声,"silk road world music, oud, duduk, middle eastern hand percussion, desert wind, mysterious, atmospheric journey, instrumental, no vocals, 54 BPM, natural ambient soundscape, pristine spatial reverb, emotional, cinematic travel vlog background music","Cinematic photography of Sahara Desert & Starry Night (撒哈拉沙漠 · 星空之夜), 摩洛哥 · 梅尔祖卡, breathtaking view, 撒哈拉星空, 红色沙丘, 游牧星宿, 宇宙孤寂, golden hour lighting, atmospheric perspective, 8k resolution, photorealistic, masterpiece, depth of field",撒哈拉沙漠 · 星空之夜,GeoMelody AI · 摩洛哥,专属定制曲目,suno_035_sahara.mp3
36,grandcanyon,科罗拉多大峡谷,Grand Canyon National Park,美国,美国 · 亚利桑那州,-112.1129,36.1069,浩瀚大漠 / 丝路遗迹,地球上最壮丽的裂痕。数亿年河流冲刷出的红岩断层层峦叠嶂，晨昏光影交织在峭壁之间，令人叹服大自然的鬼斧神工。,地球裂痕、红岩地貌、壮阔峡谷、地质奇观,68,Western Acoustic · G Major,原声民谣吉他 · 口琴低吟 · 峡谷风声,山间清风 / 微风拂过,美西大峡谷原声吉他与口琴、旷野公路旅行、辽阔红岩地貌、自由舒畅、BPM 68、Western Acoustic · G Major、山间清风 / 微风拂过、高清无损立体声,"silk road world music, oud, duduk, middle eastern hand percussion, desert wind, mysterious, atmospheric journey, instrumental, no vocals, 68 BPM, soft breeze, mountain wind ambience, pristine spatial reverb, emotional, cinematic travel vlog background music","Cinematic photography of Grand Canyon National Park (科罗拉多大峡谷), 美国 · 亚利桑那州, breathtaking view, 地球裂痕, 红岩地貌, 壮阔峡谷, 地质奇观, golden hour lighting, atmospheric perspective, 8k resolution, photorealistic, masterpiece, depth of field",波拉波拉岛 · 太平洋珍珠,GeoMelody AI · 法属波利尼西亚,分类意境伴奏,suno_030_borabora.mp3
37,wadirum,瓦迪拉姆 · 月亮峡谷,Wadi Rum Desert,约旦,约旦 · 亚喀巴省,35.4333,29.5734,浩瀚大漠 / 丝路遗迹,火星般的红色沙漠与高耸的砂岩巨石。贝都因人的帐篷在星空下静默，宛若置身科幻史诗电影中的异星世界。,火星地表、月亮峡谷、贝都因星夜、异星秘境,58,Sci-Fi Ambient · Phrygian Mode,中东达布卡柔拍 · 空间合成器长音 · 荒原风鸣,山间清风 / 微风拂过,异星沙漠电影原声氛围乐、神秘弗里吉亚调式、空间回响、静谧辽阔、BPM 58、Sci-Fi Ambient · Phrygian Mode、山间清风 / 微风拂过、高清无损立体声,"silk road world music, oud, duduk, middle eastern hand percussion, desert wind, mysterious, atmospheric journey, instrumental, no vocals, 58 BPM, soft breeze, mountain wind ambience, pristine spatial reverb, emotional, cinematic travel vlog background music","Cinematic photography of Wadi Rum Desert (瓦迪拉姆 · 月亮峡谷), 约旦 · 亚喀巴省, breathtaking view, 火星地表, 月亮峡谷, 贝都因星夜, 异星秘境, golden hour lighting, atmospheric perspective, 8k resolution, photorealistic, masterpiece, depth of field",瓦迪拉姆 · 月亮峡谷,GeoMelody AI · 约旦,专属定制曲目,suno_037_wadirum.mp3
38,zhangjiajie,张家界 · 悬浮天子山,Zhangjiajie National Forest,中国,中国 · 湖南张家界,110.4348,29.3444,幽深森林 / 自然秘境,阿凡达潘多拉星球的原型。三千座石英砂岩峰林拔地而起，云雾缭绕在悬崖峭壁间，宛若悬浮于云海之上的仙界秘境。,潘多拉星球、悬浮峰林、云海仙境、百龙天梯,64,空灵五声羽调 · 432Hz,竹笛 · 竖琴泛音 · 云海清风 · 灵鸟啼鸣,晨曦鸟鸣 / 空山鸟语,张家界仙境竹笛与竖琴、云雾缭绕峰林、鸟鸣清脆、空灵悠扬纯音乐、BPM 64、空灵五声羽调 · 432Hz、晨曦鸟鸣 / 空山鸟语、高清无损立体声,"healing nature ambient, acoustic guitar fingerstyle, bird song, wind chimes, lush green forest, zen meditation, instrumental, no vocals, 64 BPM, morning bird singing, forest birds chirp, pristine spatial reverb, emotional, cinematic travel vlog background music","Cinematic photography of Zhangjiajie National Forest (张家界 · 悬浮天子山), 中国 · 湖南张家界, breathtaking view, 潘多拉星球, 悬浮峰林, 云海仙境, 百龙天梯, golden hour lighting, atmospheric perspective, 8k resolution, photorealistic, masterpiece, depth of field",张家界 · 悬浮天子山,GeoMelody AI · 中国,专属定制曲目,suno_038_zhangjiajie.mp3
39,jiuzhaigou,九寨沟 · 五彩童话森林,Jiuzhaigou Valley,中国,中国 · 四川阿坝,103.9186,33.26,幽深森林 / 自然秘境,九寨归来不看水。翠海、叠瀑、彩林与雪峰交相辉映，倒木沉于水底依然清晰可辨，五花海的池水在阳光下幻化出七彩光芒。,九寨童话、五彩池、诺日朗瀑布、水景之王,70,Pristine Nature · G Major,清脆木吉他指弹 · 溪流水滴 · 柔和弦乐,晨曦鸟鸣 / 空山鸟语,九寨沟五彩水景指弹木吉他、清泉石上流、鸟鸣山幽、晶莹剔透治愈乐、BPM 70、Pristine Nature · G Major、晨曦鸟鸣 / 空山鸟语、高清无损立体声,"healing nature ambient, acoustic guitar fingerstyle, bird song, wind chimes, lush green forest, zen meditation, instrumental, no vocals, 70 BPM, morning bird singing, forest birds chirp, pristine spatial reverb, emotional, cinematic travel vlog background music","Cinematic photography of Jiuzhaigou Valley (九寨沟 · 五彩童话森林), 中国 · 四川阿坝, breathtaking view, 九寨童话, 五彩池, 诺日朗瀑布, 水景之王, golden hour lighting, atmospheric perspective, 8k resolution, photorealistic, masterpiece, depth of field",九寨沟 · 五彩童话森林,GeoMelody AI · 中国,专属定制曲目,suno_039_jiuzhaigou.mp3
40,changbai,长白山 · 原始针叶林与瀑布,Changbai Mountain Forest,中国,中国 · 吉林延边,128.05,42,幽深森林 / 自然秘境,东北第一高峰下的茫茫林海。红松与白桦林遮天蔽日，温泉水在苔藓岩石间冒着白气，长白瀑布从天池缺口飞流直下。,原始林海、天池飞瀑、长白温泉、北国秘境,60,Boreal Ambient · D Major,清澈钢琴 · 原声大提琴 · 松涛林风,山间清风 / 微风拂过,长白山北国针叶林纯钢琴与大提琴、松涛阵阵、温泉雾气、深远沉静、BPM 60、Boreal Ambient · D Major、山间清风 / 微风拂过、高清无损立体声,"healing nature ambient, acoustic guitar fingerstyle, bird song, wind chimes, lush green forest, zen meditation, instrumental, no vocals, 60 BPM, soft breeze, mountain wind ambience, pristine spatial reverb, emotional, cinematic travel vlog background music","Cinematic photography of Changbai Mountain Forest (长白山 · 原始针叶林与瀑布), 中国 · 吉林延边, breathtaking view, 原始林海, 天池飞瀑, 长白温泉, 北国秘境, golden hour lighting, atmospheric perspective, 8k resolution, photorealistic, masterpiece, depth of field",长白山 · 原始针叶林与瀑布,GeoMelody AI · 中国,专属定制曲目,suno_040_changbai.mp3
41,yakushima,屋久岛 · 幽灵公主苔藓森林,Yakushima Moss Forest,日本,日本 · 鹿儿岛县,130.5286,30.3585,幽深森林 / 自然秘境,宫崎骏《幽灵公主》的取景地。数千年的古老绳文杉矗立在翠绿的苔藓地毯中，雨露晶莹，空气中弥漫着古老生命的芬芳。,幽灵公主、千年绳文杉、苔藓王国、森林浴,58,Ghibli Style · C Major,纯净钢琴独奏 · 雨滴落在绿叶上 · 林间风响,烟雨滴檐 / 细雨淅淅,吉卜力宫崎骏风治愈钢琴、屋久岛绿意苔藓、细雨落在树叶、静心专注、BPM 58、Ghibli Style · C Major、烟雨滴檐 / 细雨淅淅、高清无损立体声,"healing nature ambient, acoustic guitar fingerstyle, bird song, wind chimes, lush green forest, zen meditation, instrumental, no vocals, 58 BPM, gentle rain ambience, raindrops on roof, pristine spatial reverb, emotional, cinematic travel vlog background music","Cinematic photography of Yakushima Moss Forest (屋久岛 · 幽灵公主苔藓森林), 日本 · 鹿儿岛县, breathtaking view, 幽灵公主, 千年绳文杉, 苔藓王国, 森林浴, golden hour lighting, atmospheric perspective, 8k resolution, photorealistic, masterpiece, depth of field",屋久岛 · 幽灵公主苔藓森林,GeoMelody AI · 日本,专属定制曲目,suno_041_yakushima.mp3
42,blackforest,德国黑森林 · 咕咕鸟谷,Black Forest (Schwarzwald),德国,德国 · 巴登-符腾堡州,8.2,48.15,幽深森林 / 自然秘境,格林童话的发源地。浓密的冷杉与云杉林遮天蔽日，晨雾在林间小径流淌，溪流穿过木屋与水车，洋溢着古老欧陆的静谧。,格林童话、冷杉幽径、咕咕钟故乡、欧陆森林,66,Celtic Folk · D Major,爱尔兰风笛 · 凯尔特竖琴 · 森林微风,晨曦鸟鸣 / 空山鸟语,德国黑森林凯尔特竖琴与风笛、阳光穿透树冠、鸟鸣花香、安逸宁静、BPM 66、Celtic Folk · D Major、晨曦鸟鸣 / 空山鸟语、高清无损立体声,"healing nature ambient, acoustic guitar fingerstyle, bird song, wind chimes, lush green forest, zen meditation, instrumental, no vocals, 66 BPM, morning bird singing, forest birds chirp, pristine spatial reverb, emotional, cinematic travel vlog background music","Cinematic photography of Black Forest (Schwarzwald) (德国黑森林 · 咕咕鸟谷), 德国 · 巴登-符腾堡州, breathtaking view, 格林童话, 冷杉幽径, 咕咕钟故乡, 欧陆森林, golden hour lighting, atmospheric perspective, 8k resolution, photorealistic, masterpiece, depth of field",德国黑森林 · 咕咕鸟谷,GeoMelody AI · 德国,专属定制曲目,suno_042_blackforest.mp3
43,amazon,亚马逊雨林 · 地球之肺,Amazon Rainforest,巴西,巴西 · 亚马逊州,-62.2159,-3.4653,幽深森林 / 自然秘境,地球上最庞大的生命剧场。庞大的水系在茂密雨林中蜿蜒流淌，暴雨洗刷着巨大的王莲，各种热带生物的声音汇成自然的交响。,地球之肺、生物大本营、热带暴雨、原始秘境,60,Organic Tribal Ambient,木制打击乐 · 排箫 · 真实热带雨声 · 昆虫共鸣,烟雨滴檐 / 细雨淅淅,亚马逊热带雨林自然白噪音与排箫、密林暴雨滴落、生命律动、深度白噪音、BPM 60、Organic Tribal Ambient、烟雨滴檐 / 细雨淅淅、高清无损立体声,"healing nature ambient, acoustic guitar fingerstyle, bird song, wind chimes, lush green forest, zen meditation, instrumental, no vocals, 60 BPM, gentle rain ambience, raindrops on roof, pristine spatial reverb, emotional, cinematic travel vlog background music","Cinematic photography of Amazon Rainforest (亚马逊雨林 · 地球之肺), 巴西 · 亚马逊州, breathtaking view, 地球之肺, 生物大本营, 热带暴雨, 原始秘境, golden hour lighting, atmospheric perspective, 8k resolution, photorealistic, masterpiece, depth of field",澳大利亚悉尼歌剧院与海港大桥,GeoMelody AI · 澳大利亚,分类意境伴奏,suno_094_sydneyoperahouse.mp3
44,redwood,加州红杉国家公园,Redwood National and State Parks,美国,美国 · 加利福尼亚州,-124.0046,41.2132,幽深森林 / 自然秘境,地球上最高大的树木在此矗立了数千年。太平洋的晨雾在几百米高的巨树冠间游荡，阳光形成壮丽的丁达尔圣光。,千年巨杉、丁达尔光、太平洋海雾、远古崇高,56,Ambient Drone · E Major,原声大提琴长弓 · 温暖铜管音垫 · 雾气清风,山间清风 / 微风拂过,加州巨杉林崇高氛围音乐、温暖弦乐铺底、丁达尔光芒洒落、神圣宁静、BPM 56、Ambient Drone · E Major、山间清风 / 微风拂过、高清无损立体声,"healing nature ambient, acoustic guitar fingerstyle, bird song, wind chimes, lush green forest, zen meditation, instrumental, no vocals, 56 BPM, soft breeze, mountain wind ambience, pristine spatial reverb, emotional, cinematic travel vlog background music","Cinematic photography of Redwood National and State Parks (加州红杉国家公园), 美国 · 加利福尼亚州, breathtaking view, 千年巨杉, 丁达尔光, 太平洋海雾, 远古崇高, golden hour lighting, atmospheric perspective, 8k resolution, photorealistic, masterpiece, depth of field",加州红杉国家公园,GeoMelody AI · 美国,专属定制曲目,suno_044_redwood.mp3
45,plitvice,普利特维采湖群 · 欧洲十六湖,Plitvice Lakes National Park,克罗地亚,克罗地亚 · 利卡-塞尼县,15.6044,44.8654,幽深森林 / 自然秘境,石灰华沉积形成的梯级湖泊与飞瀑群。木栈道蜿蜒穿过碧绿与湖蓝交织的水面，水雾弥漫在原始山林之间。,欧洲九寨沟、瀑布群、梯级绿湖、木栈道漫步,68,Balkan Acoustic · A Minor,手风琴 · 尼龙吉他 · 瀑布飞溅声 · 森林鸟鸣,晨曦鸟鸣 / 空山鸟语,欧洲森林瀑布群舒缓纯乐、吉他与风琴、流水潺潺飞瀑、自然疗愈、BPM 68、Balkan Acoustic · A Minor、晨曦鸟鸣 / 空山鸟语、高清无损立体声,"healing nature ambient, acoustic guitar fingerstyle, bird song, wind chimes, lush green forest, zen meditation, instrumental, no vocals, 68 BPM, morning bird singing, forest birds chirp, pristine spatial reverb, emotional, cinematic travel vlog background music","Cinematic photography of Plitvice Lakes National Park (普利特维采湖群 · 欧洲十六湖), 克罗地亚 · 利卡-塞尼县, breathtaking view, 欧洲九寨沟, 瀑布群, 梯级绿湖, 木栈道漫步, golden hour lighting, atmospheric perspective, 8k resolution, photorealistic, masterpiece, depth of field",普利特维采湖群 · 欧洲十六湖,GeoMelody AI · 克罗地亚,专属定制曲目,suno_045_plitvice.mp3
46,shanghai,上海外滩 · 浦江陆家嘴,The Bund & Lujiazui Skyline,中国,中国 · 上海黄浦,121.49,31.24,都会风情 / 人文地标,万国建筑博览群与东方明珠、上海中心隔江相望。夜色降临，黄浦江游轮穿梭，流光溢彩的摩天大楼编织着摩登魔都的不眠夜。,摩登魔都、陆家嘴天际线、浦江两岸、霓虹不夜城,78,Lo-Fi Jazz · F Minor,电钢琴EP · 萨克斯柔音 · 城市雨声 · 磁带黑胶底噪,烟雨滴檐 / 细雨淅淅,上海魔都夜景Lo-Fi Jazz HipHop、柔滑电钢琴和弦、雨夜霓虹、放松专注、BPM 78、Lo-Fi Jazz · F Minor、烟雨滴檐 / 细雨淅淅、高清无损立体声,"lo-fi chillhop, jazzy piano chords, mellow synth pads, urban coffee shop vibe, nostalgic, smooth groove, instrumental, no vocals, 78 BPM, gentle rain ambience, raindrops on roof, pristine spatial reverb, emotional, cinematic travel vlog background music","Cinematic photography of The Bund & Lujiazui Skyline (上海外滩 · 浦江陆家嘴), 中国 · 上海黄浦, breathtaking view, 摩登魔都, 陆家嘴天际线, 浦江两岸, 霓虹不夜城, golden hour lighting, atmospheric perspective, 8k resolution, photorealistic, masterpiece, depth of field",上海外滩 · 浦江陆家嘴,GeoMelody AI · 中国,专属定制曲目,suno_046_shanghai.mp3
47,chongqing,重庆洪崖洞 · 8D魔幻山城,Chongqing Hongyadong,中国,中国 · 重庆渝中,106.577,29.563,都会风情 / 人文地标,依嘉陵江悬崖而建的重檐吊脚楼，千厮门大桥如金色长虹横跨江面。夜晚华灯初上，宛若现实版千与千寻的魔幻世界。,千与千寻、8D魔幻山城、洪崖滴翠、赛博朋克,82,Cyberpunk Chill · C Minor,合成波Synth · 二胡电子音色 · 江边微浪,烟雨滴檐 / 细雨淅淅,重庆赛博朋克国风电子、二胡与合成器结合、魔幻山城雨夜、千与千寻既视感、BPM 82、Cyberpunk Chill · C Minor、烟雨滴檐 / 细雨淅淅、高清无损立体声,"lo-fi chillhop, jazzy piano chords, mellow synth pads, urban coffee shop vibe, nostalgic, smooth groove, instrumental, no vocals, 82 BPM, gentle rain ambience, raindrops on roof, pristine spatial reverb, emotional, cinematic travel vlog background music","Cinematic photography of Chongqing Hongyadong (重庆洪崖洞 · 8D魔幻山城), 中国 · 重庆渝中, breathtaking view, 千与千寻, 8D魔幻山城, 洪崖滴翠, 赛博朋克, golden hour lighting, atmospheric perspective, 8k resolution, photorealistic, masterpiece, depth of field",撒哈拉沙漠 · 星空之夜,GeoMelody AI · 摩洛哥,分类意境伴奏,suno_035_sahara.mp3
48,hongkong,香港维多利亚港 · 太平山顶,Victoria Harbour & The Peak,中国,中国 · 香港中环,114.1588,22.28,都会风情 / 人文地标,世界三大夜景之首。天星小轮划破倒映着璀璨霓虹的港湾，中环与尖沙咀的摩天巨楼交相辉映，港风往事如电影慢镜头回放。,维港夜景、天星小轮、经典港风、东方之珠,76,City Pop Chill · A Minor,复古电吉他 · 柔美合成器 · 维港海浪微音,环境声场,香港维港夜色CityPop纯音乐、复古电吉他扫弦、霓虹倒影、怀旧温暖、BPM 76、City Pop Chill · A Minor、环境声场、高清无损立体声,"lo-fi chillhop, jazzy piano chords, mellow synth pads, urban coffee shop vibe, nostalgic, smooth groove, instrumental, no vocals, 76 BPM, natural ambient soundscape, pristine spatial reverb, emotional, cinematic travel vlog background music","Cinematic photography of Victoria Harbour & The Peak (香港维多利亚港 · 太平山顶), 中国 · 香港中环, breathtaking view, 维港夜景, 天星小轮, 经典港风, 东方之珠, golden hour lighting, atmospheric perspective, 8k resolution, photorealistic, masterpiece, depth of field",上海外滩 · 浦江陆家嘴,GeoMelody AI · 中国,分类意境伴奏,suno_046_shanghai.mp3
49,tokyo,东京涩谷 · 新宿歌舞伎町,Tokyo Shibuya & Shinjuku Night,日本,日本 · 东京,139.7005,35.6595,都会风情 / 人文地标,全世界最繁忙的十字路口，雨夜的地面反射着漫天霓虹与巨幅广告屏幕。透明雨伞下的人流川流不息，独享喧嚣中的内心孤独。,涩谷十字路口、雨夜霓虹、东京塔远眺、独处治愈,80,Tokyo Lo-Fi Beat · D Minor,电钢琴EP · 慢速鼓点 · 雨点打在雨伞声 · 黑胶唱片爆音,烟雨滴檐 / 细雨淅淅,东京雨夜Lo-Fi Beats、舒缓电钢琴、雨声伴奏、黑胶质感、深夜办公专注、BPM 80、Tokyo Lo-Fi Beat · D Minor、烟雨滴檐 / 细雨淅淅、高清无损立体声,"lo-fi chillhop, jazzy piano chords, mellow synth pads, urban coffee shop vibe, nostalgic, smooth groove, instrumental, no vocals, 80 BPM, gentle rain ambience, raindrops on roof, pristine spatial reverb, emotional, cinematic travel vlog background music","Cinematic photography of Tokyo Shibuya & Shinjuku Night (东京涩谷 · 新宿歌舞伎町), 日本 · 东京, breathtaking view, 涩谷十字路口, 雨夜霓虹, 东京塔远眺, 独处治愈, golden hour lighting, atmospheric perspective, 8k resolution, photorealistic, masterpiece, depth of field",东京涩谷 · 新宿歌舞伎町,GeoMelody AI · 日本,专属定制曲目,suno_049_tokyo.mp3
50,paris,巴黎塞纳河畔 · 埃菲尔铁塔,Paris Seine & Eiffel Tower,法国,法国 · 巴黎,2.2945,48.8584,都会风情 / 人文地标,铁塔在整点闪烁着漫天金色星光。塞纳河下游船缓缓驶过亚历山大三世桥，岸边情侣依偎在街灯下，弥漫着永恒的法式浪漫。,光之城、铁塔星光、塞纳河游船、极致浪漫,72,French Cafe Chanson · C Major,手风琴微音 · 清水钢琴 · 塞纳河水流声,山间清风 / 微风拂过,巴黎塞纳河手风琴与法式钢琴纯乐、街头咖啡馆雨滴、浪漫惬意、午后甜点、BPM 72、French Cafe Chanson · C Major、山间清风 / 微风拂过、高清无损立体声,"lo-fi chillhop, jazzy piano chords, mellow synth pads, urban coffee shop vibe, nostalgic, smooth groove, instrumental, no vocals, 72 BPM, soft breeze, mountain wind ambience, pristine spatial reverb, emotional, cinematic travel vlog background music","Cinematic photography of Paris Seine & Eiffel Tower (巴黎塞纳河畔 · 埃菲尔铁塔), 法国 · 巴黎, breathtaking view, 光之城, 铁塔星光, 塞纳河游船, 极致浪漫, golden hour lighting, atmospheric perspective, 8k resolution, photorealistic, masterpiece, depth of field",上海外滩 · 浦江陆家嘴,GeoMelody AI · 中国,分类意境伴奏,suno_046_shanghai.mp3
51,newyork,纽约曼哈顿 · 洛克菲勒顶峰夜色,New York Manhattan Skyline,美国,美国 · 纽约曼哈顿,-73.9787,40.7587,都会风情 / 人文地标,帝国大厦与世贸中心高耸入云，无数网格状街道在脚下化作金色光带。世界十字路口的繁华尽收眼底，感受现代文明的澎湃脉搏。,曼哈顿天际线、帝国大厦、不夜之城、时代广场,85,Smooth Jazz · B Flat,低音提琴行走低音 · 柔音小号 · 远处车流微音,烟雨滴檐 / 细雨淅淅,纽约曼哈顿午夜爵士、柔和小号独奏、行走低音提琴、都市雨夜、深度思考、BPM 85、Smooth Jazz · B Flat、烟雨滴檐 / 细雨淅淅、高清无损立体声,"lo-fi chillhop, jazzy piano chords, mellow synth pads, urban coffee shop vibe, nostalgic, smooth groove, instrumental, no vocals, 85 BPM, gentle rain ambience, raindrops on roof, pristine spatial reverb, emotional, cinematic travel vlog background music","Cinematic photography of New York Manhattan Skyline (纽约曼哈顿 · 洛克菲勒顶峰夜色), 美国 · 纽约曼哈顿, breathtaking view, 曼哈顿天际线, 帝国大厦, 不夜之城, 时代广场, golden hour lighting, atmospheric perspective, 8k resolution, photorealistic, masterpiece, depth of field",纽约曼哈顿 · 洛克菲勒顶峰夜色,GeoMelody AI · 美国,专属定制曲目,suno_051_newyork.mp3
52,westlake,杭州西湖 · 断桥残雪与苏堤春晓,Hangzhou West Lake,中国,中国 · 浙江杭州,120.145,30.2435,宁静湖泊 / 高原圣湖,水光潋滟晴方好，山色空蒙雨亦奇。苏堤杨柳依依，三潭印月水波微泛，撑一把油纸伞漫步湖畔，千年诗意尽在此间。,断桥残雪、苏堤春晓、三潭印月、人间天堂,66,西湖越调五声 · 432Hz,古筝 · 洞箫 · 湖水拍堤 · 净慈寺晚钟,古刹钟声 / 远山清钟,杭州西湖古典纯乐、古筝与洞箫、南屏晚钟、细雨落在湖面荷叶、极度治愈、BPM 66、西湖越调五声 · 432Hz、古刹钟声 / 远山清钟、高清无损立体声,"crystal clear piano, ambient reverb pads, tranquil lake reflection, gentle acoustic strings, deep relaxation, 432hz, instrumental, no vocals, 66 BPM, distant temple bell toll, meditation chime, pristine spatial reverb, emotional, cinematic travel vlog background music","Cinematic photography of Hangzhou West Lake (杭州西湖 · 断桥残雪与苏堤春晓), 中国 · 浙江杭州, breathtaking view, 断桥残雪, 苏堤春晓, 三潭印月, 人间天堂, golden hour lighting, atmospheric perspective, 8k resolution, photorealistic, masterpiece, depth of field",普利特维采湖群 · 欧洲十六湖,GeoMelody AI · 克罗地亚,分类意境伴奏,suno_045_plitvice.mp3
53,qinghai,青海湖 · 高原蓝宝石与油菜花海,Qinghai Lake & Rapeseed Flowers,中国,中国 · 青海海北,100.2244,36.8856,宁静湖泊 / 高原圣湖,中国最大的内陆咸水湖。金黄的万亩油菜花田铺展在湛蓝如宝石的高原湖畔，远处雪山静卧，天水一色辽阔无垠。,高原蓝宝石、油菜花海、环湖公路、天空之境,62,Tibetan Plateau Folk · D Major,扎木念琴 · 空灵女声氛围音 · 高原清风,山间清风 / 微风拂过,青海湖藏族空灵民谣氛围曲、纯净辽阔、湛蓝湖水微波、抚平心境、BPM 62、Tibetan Plateau Folk · D Major、山间清风 / 微风拂过、高清无损立体声,"crystal clear piano, ambient reverb pads, tranquil lake reflection, gentle acoustic strings, deep relaxation, 432hz, instrumental, no vocals, 62 BPM, soft breeze, mountain wind ambience, pristine spatial reverb, emotional, cinematic travel vlog background music","Cinematic photography of Qinghai Lake & Rapeseed Flowers (青海湖 · 高原蓝宝石与油菜花海), 中国 · 青海海北, breathtaking view, 高原蓝宝石, 油菜花海, 环湖公路, 天空之境, golden hour lighting, atmospheric perspective, 8k resolution, photorealistic, masterpiece, depth of field",普利特维采湖群 · 欧洲十六湖,GeoMelody AI · 克罗地亚,分类意境伴奏,suno_045_plitvice.mp3
54,lugu,泸沽湖 · 摩梭女儿国,Lugu Lake & Mosuo Culture,中国,中国 · 云南/四川交界,100.75,27.7083,宁静湖泊 / 高原圣湖,格姆女神山庇护下的清澈湖泊，湖面上盛开着星星点点的水性杨花。猪槽船在水草间穿行，摩梭人悠扬的歌声在碧波上荡漾。,水性杨花、猪槽船、东方女儿国、宁静避世,68,摩梭山歌调 · E Major,木吉他 · 竹笛 · 划桨水声 · 晨雾微响,环境声场,泸沽湖晨曦纯音乐、划桨水声、竹笛悠扬、微风拂过水性杨花、恬静优雅、BPM 68、摩梭山歌调 · E Major、环境声场、高清无损立体声,"crystal clear piano, ambient reverb pads, tranquil lake reflection, gentle acoustic strings, deep relaxation, 432hz, instrumental, no vocals, 68 BPM, natural ambient soundscape, pristine spatial reverb, emotional, cinematic travel vlog background music","Cinematic photography of Lugu Lake & Mosuo Culture (泸沽湖 · 摩梭女儿国), 中国 · 云南/四川交界, breathtaking view, 水性杨花, 猪槽船, 东方女儿国, 宁静避世, golden hour lighting, atmospheric perspective, 8k resolution, photorealistic, masterpiece, depth of field",普利特维采湖群 · 欧洲十六湖,GeoMelody AI · 克罗地亚,分类意境伴奏,suno_045_plitvice.mp3
55,chaka,茶卡盐湖 · 中国天空之镜,Chaka Salt Lake,中国,中国 · 青海乌兰,99.0767,36.7028,宁静湖泊 / 高原圣湖,白茫茫的结晶盐层上覆盖着薄薄水层，如一面巨镜倒映出瓦蓝的天空与朵朵白云。漫步其中，宛如行走在天际云端。,天空之镜、盐湖小火车、云端漫步、纯白梦境,58,Crystal Ambient · 528Hz,水晶音乐盒 · 极简钢琴音符 · 天空风声,山间清风 / 微风拂过,天空之镜晶莹纯音、水晶音符与极简钢琴、纯净白云、灵魂洗涤、静心、BPM 58、Crystal Ambient · 528Hz、山间清风 / 微风拂过、高清无损立体声,"crystal clear piano, ambient reverb pads, tranquil lake reflection, gentle acoustic strings, deep relaxation, 432hz, instrumental, no vocals, 58 BPM, soft breeze, mountain wind ambience, pristine spatial reverb, emotional, cinematic travel vlog background music","Cinematic photography of Chaka Salt Lake (茶卡盐湖 · 中国天空之镜), 中国 · 青海乌兰, breathtaking view, 天空之镜, 盐湖小火车, 云端漫步, 纯白梦境, golden hour lighting, atmospheric perspective, 8k resolution, photorealistic, masterpiece, depth of field",普利特维采湖群 · 欧洲十六湖,GeoMelody AI · 克罗地亚,分类意境伴奏,suno_045_plitvice.mp3
56,guilin,桂林阳朔 · 漓江烟雨遇龙河,Guilin Yangshuo & Li River,中国,中国 · 广西桂林,110.495,24.7797,宁静湖泊 / 高原圣湖,桂林山水甲天下，阳朔堪称甲桂林。喀斯特群峰倒映在清澈见底的漓江中，竹筏顺流漂过二十元人民币取景地，烟雨朦胧宛如仙境。,漓江竹筏、喀斯特峰林、烟雨山水、甲天下美景,66,漓江清音 · 五声角调,竹笛 · 渔舟唱晚古筝 · 撑篙水声 · 鸬鹚捕鱼,烟雨滴檐 / 细雨淅淅,桂林山水漓江烟雨笛箫纯乐、古筝流水、竹筏荡漾、诗情画意、BPM 66、漓江清音 · 五声角调、烟雨滴檐 / 细雨淅淅、高清无损立体声,"crystal clear piano, ambient reverb pads, tranquil lake reflection, gentle acoustic strings, deep relaxation, 432hz, instrumental, no vocals, 66 BPM, gentle rain ambience, raindrops on roof, pristine spatial reverb, emotional, cinematic travel vlog background music","Cinematic photography of Guilin Yangshuo & Li River (桂林阳朔 · 漓江烟雨遇龙河), 中国 · 广西桂林, breathtaking view, 漓江竹筏, 喀斯特峰林, 烟雨山水, 甲天下美景, golden hour lighting, atmospheric perspective, 8k resolution, photorealistic, masterpiece, depth of field",普利特维采湖群 · 欧洲十六湖,GeoMelody AI · 克罗地亚,分类意境伴奏,suno_045_plitvice.mp3
57,baikal,贝加尔湖 · 蓝冰与西伯利亚的眼泪,Lake Baikal & Blue Ice,俄罗斯,俄罗斯 · 西伯利亚,108.165,53.5587,宁静湖泊 / 高原圣湖,世界上最深、最清澈的古老湖泊。冬季湖面冻结成深邃透亮的蓝冰，纵横交错的冰裂纹如艺术品般延伸至地平线，宛如纯净的水晶宫。,西伯利亚蓝冰、冰裂奇观、世界最深湖、李健歌声里的湖,54,Siberian Melancholy · A Minor,原声大提琴独奏 · 冰裂共鸣 · 远方呼啸寒风,山间清风 / 微风拂过,贝加尔湖大提琴独奏纯乐、深沉优美、李健贝加尔湖畔意境、冰雪与深蓝、BPM 54、Siberian Melancholy · A Minor、山间清风 / 微风拂过、高清无损立体声,"crystal clear piano, ambient reverb pads, tranquil lake reflection, gentle acoustic strings, deep relaxation, 432hz, instrumental, no vocals, 54 BPM, soft breeze, mountain wind ambience, pristine spatial reverb, emotional, cinematic travel vlog background music","Cinematic photography of Lake Baikal & Blue Ice (贝加尔湖 · 蓝冰与西伯利亚的眼泪), 俄罗斯 · 西伯利亚, breathtaking view, 西伯利亚蓝冰, 冰裂奇观, 世界最深湖, 李健歌声里的湖, golden hour lighting, atmospheric perspective, 8k resolution, photorealistic, masterpiece, depth of field",白川乡合掌村,GeoMelody AI · 日本,分类意境伴奏,suno_011_shirakawago.mp3
58,geneva,日内瓦湖 · 莱蒙湖大喷泉,Lake Geneva (Lac Léman),瑞士,瑞士/法国 · 日内瓦,6.55,46.453,宁静湖泊 / 高原圣湖,阿尔卑斯雪山环抱中的月牙形大湖。大喷泉直冲云霄，西庸古堡伫立于湖畔岩石上，白天鹅悠游其间，优雅宁静。,西庸古堡、大喷泉、雪山倒影、瑞士田园,70,Classical Romantic · B Flat,双簧管 · 钢琴伴奏 · 湖面微浪拍击,环境声场,日内瓦湖浪漫古典器乐、钢琴与双簧管、波光粼粼、优雅天鹅、放松心情、BPM 70、Classical Romantic · B Flat、环境声场、高清无损立体声,"crystal clear piano, ambient reverb pads, tranquil lake reflection, gentle acoustic strings, deep relaxation, 432hz, instrumental, no vocals, 70 BPM, natural ambient soundscape, pristine spatial reverb, emotional, cinematic travel vlog background music","Cinematic photography of Lake Geneva (Lac Léman) (日内瓦湖 · 莱蒙湖大喷泉), 瑞士/法国 · 日内瓦, breathtaking view, 西庸古堡, 大喷泉, 雪山倒影, 瑞士田园, golden hour lighting, atmospheric perspective, 8k resolution, photorealistic, masterpiece, depth of field",马尔代夫 · 蓝色环礁,GeoMelody AI · 马尔代夫,分类意境伴奏,suno_026_maldives.mp3
59,como,意大利科莫湖 · 贝拉焦半岛,Lake Como & Bellagio,意大利,意大利 · 伦巴第大区,9.2625,45.9867,宁静湖泊 / 高原圣湖,阿尔卑斯南麓的度假胜地，两岸依山分布着百年贵族庄园与花团锦簇的别墅。阳光洒落湖面，泛舟湖上享受意式甜蜜生活。,意式庄园、贝拉焦半岛、阿尔卑斯湖泊、优雅惬意,72,Italian Serenade · G Major,曼陀林 · 古典吉他 · 湖水荡漾,环境声场,科莫湖意式浪漫小夜曲、曼陀林与古典吉他、夏日湖畔、轻松惬意、BPM 72、Italian Serenade · G Major、环境声场、高清无损立体声,"crystal clear piano, ambient reverb pads, tranquil lake reflection, gentle acoustic strings, deep relaxation, 432hz, instrumental, no vocals, 72 BPM, natural ambient soundscape, pristine spatial reverb, emotional, cinematic travel vlog background music","Cinematic photography of Lake Como & Bellagio (意大利科莫湖 · 贝拉焦半岛), 意大利 · 伦巴第大区, breathtaking view, 意式庄园, 贝拉焦半岛, 阿尔卑斯湖泊, 优雅惬意, golden hour lighting, atmospheric perspective, 8k resolution, photorealistic, masterpiece, depth of field",普利特维采湖群 · 欧洲十六湖,GeoMelody AI · 克罗地亚,分类意境伴奏,suno_045_plitvice.mp3
60,banff,班夫国家公园 · 梦莲湖,Banff National Park & Moraine Lake,加拿大,加拿大 · 艾伯塔省,-116.186,51.3217,宁静湖泊 / 高原圣湖,落基山脉十峰山谷下的冰川融湖。湖水呈现奇迹般璀璨的宝石蓝，独木舟轻轻划破如镜水面，两岸针叶林倒映其间。,落基山明珠、十峰谷、冰川宝石蓝、独木舟泛舟,60,Nordic Acoustic · C Major,清脆木吉他 · 柔美弦乐 · 划水声 · 针叶林清风,山间清风 / 微风拂过,加拿大落基山原声吉他与弦乐、宝石蓝湖水微澜、独木舟慢游、空灵清新、BPM 60、Nordic Acoustic · C Major、山间清风 / 微风拂过、高清无损立体声,"crystal clear piano, ambient reverb pads, tranquil lake reflection, gentle acoustic strings, deep relaxation, 432hz, instrumental, no vocals, 60 BPM, soft breeze, mountain wind ambience, pristine spatial reverb, emotional, cinematic travel vlog background music","Cinematic photography of Banff National Park & Moraine Lake (班夫国家公园 · 梦莲湖), 加拿大 · 艾伯塔省, breathtaking view, 落基山明珠, 十峰谷, 冰川宝石蓝, 独木舟泛舟, golden hour lighting, atmospheric perspective, 8k resolution, photorealistic, masterpiece, depth of field",普利特维采湖群 · 欧洲十六湖,GeoMelody AI · 克罗地亚,分类意境伴奏,suno_045_plitvice.mp3
61,gugong,北京故宫博物院,The Palace Museum (Forbidden City),中国,中国 · 北京市东城区,116.3972,39.9163,古镇水乡 / 历史村落,明清两代皇家宫殿，红墙金瓦，气势恢宏。角楼倒映在护城河的微澜中，雪落紫禁城时，尽显华夏千年古都沉静庄严的东方意蕴。,国家5A级、世界文化遗产、紫禁城、太和殿、角楼夜色,62,宫调 · 432Hz 皇家正声,编钟 · 古琴 · 箫 · 庭院风铃,古刹钟声 / 远山清钟,中国皇家宫廷古典器乐，编钟与古琴，庄严肃穆，空灵悠扬，无歌词、BPM 62、宫调 · 432Hz 皇家正声、古刹钟声 / 远山清钟、高清无损立体声,"traditional oriental acoustic folk, guzheng, bamboo flute, acoustic guitar, peaceful water town vibe, relaxing, serene, instrumental, no vocals, 62 BPM, distant temple bell toll, meditation chime, pristine spatial reverb, emotional, cinematic travel vlog background music","Cinematic photography of The Palace Museum (Forbidden City) (北京故宫博物院), 中国 · 北京市东城区, breathtaking view, 国家5A级, 世界文化遗产, 紫禁城, 太和殿, 角楼夜色, golden hour lighting, atmospheric perspective, 8k resolution, photorealistic, masterpiece, depth of field",乌镇水乡,GeoMelody AI · 中国,分类意境伴奏,suno_001_wuzhen.mp3
62,greatwall,八达岭万里长城,Great Wall of China (Badaling),中国,中国 · 北京市延庆区,116.0152,40.3582,名山胜岳 / 巍峨雪峰,宛若巨龙蜿蜒横亘于崇山峻岭之上。烽火台巍峨耸立，极目远眺，群山叠嶂，千载烽烟尽付秋风苍茫之中。,国家5A级、世界七大奇迹、不到长城非好汉、烽火台,66,角调 · 雄浑苍茫,埙 · 琵琶大曲 · 高山罡风,山间清风 / 微风拂过,中国风雄浑埙与琵琶，崇山峻岭清风，历史苍茫，壮怀激烈，纯器乐、BPM 66、角调 · 雄浑苍茫、山间清风 / 微风拂过、高清无损立体声,"cinematic ambient, grand mountain landscape, epic yet calm, airy bamboo flute, handpan, strings, ethereal atmosphere, instrumental, no vocals, 66 BPM, soft breeze, mountain wind ambience, pristine spatial reverb, emotional, cinematic travel vlog background music","Cinematic photography of Great Wall of China (Badaling) (八达岭万里长城), 中国 · 北京市延庆区, breathtaking view, 国家5A级, 世界七大奇迹, 不到长城非好汉, 烽火台, golden hour lighting, atmospheric perspective, 8k resolution, photorealistic, masterpiece, depth of field",珠穆朗玛峰 · 世界之巅,GeoMelody AI · 中国,分类意境伴奏,suno_020_everest.mp3
63,summerpalace,北京颐和园,Summer Palace Beijing,中国,中国 · 北京市海淀区,116.2755,39.9998,宁静湖泊 / 高原圣湖,万寿山下，昆明湖畔。十七孔桥金光穿洞，画舫泛波于碧水之间，长廊彩绘蜿蜒千米，乃中国皇家园林艺术的绝美典范。,国家5A级、世界文化遗产、十七孔桥、昆明湖、皇家园林,68,羽调 · 昆明烟波,竹笛 · 阮咸 · 柔波荡漾,烟雨滴檐 / 细雨淅淅,古典皇家园林曲调，竹笛与中阮，湖水涟漪，画舫轻摇，静美清幽、BPM 68、羽调 · 昆明烟波、烟雨滴檐 / 细雨淅淅、高清无损立体声,"crystal clear piano, ambient reverb pads, tranquil lake reflection, gentle acoustic strings, deep relaxation, 432hz, instrumental, no vocals, 68 BPM, gentle rain ambience, raindrops on roof, pristine spatial reverb, emotional, cinematic travel vlog background music","Cinematic photography of Summer Palace Beijing (北京颐和园), 中国 · 北京市海淀区, breathtaking view, 国家5A级, 世界文化遗产, 十七孔桥, 昆明湖, 皇家园林, golden hour lighting, atmospheric perspective, 8k resolution, photorealistic, masterpiece, depth of field",普利特维采湖群 · 欧洲十六湖,GeoMelody AI · 克罗地亚,分类意境伴奏,suno_045_plitvice.mp3
64,forbiddencity,北京故宫紫禁城,Forbidden City Beijing,中国,中国 · 北京市东城区,116.3971,39.9163,历史奇迹 / 古代文明,红墙金瓦，六百年巍峨帝阙。太和殿前云气缭绕，角楼倒映护城河夕照，回荡着华夏文明的宏大历史回响。,世界文化遗产、国家5A级、紫禁城、太和殿、角楼夕照,72,宫调 · 紫禁龙骧,编钟 · 古琴 · 琵琶 · 大堂鼓,山间清风 / 微风拂过,中国宫廷宏伟古风纯音乐，编钟古琴，庄严肃穆，厚重历史感、BPM 72、宫调 · 紫禁龙骧、山间清风 / 微风拂过、高清无损立体声,"ancient heritage soundtrack, ethnic instruments, monumental hall reverb, historical grandeur, poetic and timeless, instrumental, no vocals, 72 BPM, soft breeze, mountain wind ambience, pristine spatial reverb, emotional, cinematic travel vlog background music","Cinematic photography of Forbidden City Beijing (北京故宫紫禁城), 中国 · 北京市东城区, breathtaking view, 世界文化遗产, 国家5A级, 紫禁城, 太和殿, 角楼夕照, golden hour lighting, atmospheric perspective, 8k resolution, photorealistic, masterpiece, depth of field",贡嘎雪山 · 蜀山之王,GeoMelody AI · 中国,分类意境伴奏,suno_018_gongga.mp3
65,templeofheaven,北京天坛祈年殿,Temple of Heaven Beijing,中国,中国 · 北京市东城区,116.4128,39.8837,历史奇迹 / 古代文明,三重蓝琉璃瓦顶直插苍穹，汉白玉基座层层环绕。古柏森森，回音壁前轻语犹在，天人合一之至高哲学体现。,世界文化遗产、国家5A级、祈年殿、天人合一、古柏森森,60,角调 · 祈天之音,古瑟 · 洞箫 · 铜磬 · 晨钟,古刹钟声 / 远山清钟,天坛祭天古韵，铜磬悠远，洞箫清越，天地苍茫，空灵神圣、BPM 60、角调 · 祈天之音、古刹钟声 / 远山清钟、高清无损立体声,"ancient heritage soundtrack, ethnic instruments, monumental hall reverb, historical grandeur, poetic and timeless, instrumental, no vocals, 60 BPM, distant temple bell toll, meditation chime, pristine spatial reverb, emotional, cinematic travel vlog background music","Cinematic photography of Temple of Heaven Beijing (北京天坛祈年殿), 中国 · 北京市东城区, breathtaking view, 世界文化遗产, 国家5A级, 祈年殿, 天人合一, 古柏森森, golden hour lighting, atmospheric perspective, 8k resolution, photorealistic, masterpiece, depth of field",普利特维采湖群 · 欧洲十六湖,GeoMelody AI · 克罗地亚,分类意境伴奏,suno_045_plitvice.mp3
66,badalinggreatwall,北京八达岭长城,Badaling Great Wall Beijing,中国,中国 · 北京市延庆区,116.0152,40.3598,名山胜岳 / 巍峨雪峰,不到长城非好汉。巨龙蜿蜒盘旋于崇山峻岭之巅，烽火台俯瞰燕山雄关，秋风吹拂千年金戈铁马。,世界七大奇迹、世界文化遗产、八达岭、燕山雄关,80,商调 · 烽燧雄关,埙 · 战鼓 · 琵琶大潮,山间清风 / 微风拂过,雄浑长城古风乐，埙与琵琶，万山叠嶂，历史长风呼啸、BPM 80、商调 · 烽燧雄关、山间清风 / 微风拂过、高清无损立体声,"cinematic ambient, grand mountain landscape, epic yet calm, airy bamboo flute, handpan, strings, ethereal atmosphere, instrumental, no vocals, 80 BPM, soft breeze, mountain wind ambience, pristine spatial reverb, emotional, cinematic travel vlog background music","Cinematic photography of Badaling Great Wall Beijing (北京八达岭长城), 中国 · 北京市延庆区, breathtaking view, 世界七大奇迹, 世界文化遗产, 八达岭, 燕山雄关, golden hour lighting, atmospheric perspective, 8k resolution, photorealistic, masterpiece, depth of field",珠穆朗玛峰 · 世界之巅,GeoMelody AI · 中国,分类意境伴奏,suno_020_everest.mp3
67,shichahai,北京什刹海后海,Shichahai Lake Beijing,中国,中国 · 北京市西城区,116.3889,39.9405,宁静湖泊 / 高原圣湖,银锭观山，柳岸斜阳。摇橹船轻荡后海微波，四合院胡同深处传来鸽哨与京胡声，最地道的老北京水乡风情。,国家4A级、银锭桥、胡同京韵、摇橹船、什刹海,76,微调 · 银锭晚风,三弦 · 琵琶 · 鸽哨 · 柳浪水声,环境声场,老北京后海民谣风情，三弦轻弹，清脆鸽哨，夏夜晚风，舒适治愈、BPM 76、微调 · 银锭晚风、环境声场、高清无损立体声,"crystal clear piano, ambient reverb pads, tranquil lake reflection, gentle acoustic strings, deep relaxation, 432hz, instrumental, no vocals, 76 BPM, natural ambient soundscape, pristine spatial reverb, emotional, cinematic travel vlog background music","Cinematic photography of Shichahai Lake Beijing (北京什刹海后海), 中国 · 北京市西城区, breathtaking view, 国家4A级, 银锭桥, 胡同京韵, 摇橹船, 什刹海, golden hour lighting, atmospheric perspective, 8k resolution, photorealistic, masterpiece, depth of field",丽江古城,GeoMelody AI · 中国,分类意境伴奏,suno_005_lijiang.mp3
68,yonghegong,北京雍和宫,Yonghe Palace Beijing,中国,中国 · 北京市东城区,116.4178,39.9472,历史奇迹 / 古代文明,藏传佛教皇家寺院，藏香缭绕，法铃清脆。高耸万福阁内伫立迈达拉巨佛，红墙黄瓦间沉淀着万千虔诚与宁静。,国家5A级、皇家寺院、万福阁、藏香古刹、祈福胜地,56,禅调 · 梵音清净,颂钵 · 铜铃 · 诵经长音,古刹钟声 / 远山清钟,藏地与京城寺院梵音，颂钵空灵，铜铃轻响，抚慰心灵，极度治愈、BPM 56、禅调 · 梵音清净、古刹钟声 / 远山清钟、高清无损立体声,"ancient heritage soundtrack, ethnic instruments, monumental hall reverb, historical grandeur, poetic and timeless, instrumental, no vocals, 56 BPM, distant temple bell toll, meditation chime, pristine spatial reverb, emotional, cinematic travel vlog background music","Cinematic photography of Yonghe Palace Beijing (北京雍和宫), 中国 · 北京市东城区, breathtaking view, 国家5A级, 皇家寺院, 万福阁, 藏香古刹, 祈福胜地, golden hour lighting, atmospheric perspective, 8k resolution, photorealistic, masterpiece, depth of field",梅里雪山 · 卡瓦格博,GeoMelody AI · 中国,分类意境伴奏,suno_014_meili.mp3
69,nanluoguxiang,北京南锣鼓巷与钟鼓楼,Nanluoguxiang & Drum Tower Beijing,中国,中国 · 北京市东城区,116.4022,39.9388,都会风情 / 人文地标,暮鼓晨钟，七百载古巷幽深。灰砖灰瓦四合院，槐树荫下自行车铃叮咚，现代艺术与老北京胡同肌理完美交融。,历史文化街区、钟鼓楼、四合院、胡同慢生活,82,羽调 · 胡同慢调,木吉他 · 手风琴 · 叮咚车铃,环境声场,北京胡同慢调Lofi纯音乐，木吉他清脆，手风琴悠扬，闲适惬意、BPM 82、羽调 · 胡同慢调、环境声场、高清无损立体声,"lo-fi chillhop, jazzy piano chords, mellow synth pads, urban coffee shop vibe, nostalgic, smooth groove, instrumental, no vocals, 82 BPM, natural ambient soundscape, pristine spatial reverb, emotional, cinematic travel vlog background music","Cinematic photography of Nanluoguxiang & Drum Tower Beijing (北京南锣鼓巷与钟鼓楼), 中国 · 北京市东城区, breathtaking view, 历史文化街区, 钟鼓楼, 四合院, 胡同慢生活, golden hour lighting, atmospheric perspective, 8k resolution, photorealistic, masterpiece, depth of field",敦煌鸣沙山 · 月牙泉,GeoMelody AI · 中国,分类意境伴奏,suno_031_dunhuang.mp3
70,beihaipark,北京北海公园白塔,Beihai Park White Pagoda Beijing,中国,中国 · 北京市西城区,116.388,39.9255,宁静湖泊 / 高原圣湖,“让我们荡起双桨，小船儿推开波浪。” 琼华岛上藏式白塔巍然耸立，碧波荡漾，荷花映日，一代代人的童年浪漫记忆。,国家4A级、皇家御苑、琼华岛、白塔映湖、荡起双桨,70,宫调 · 荡漾双桨,童声旋律八音盒 · 竹笛 · 木吉他 · 湖水波浪,环境声场,轻柔童年回忆八音盒与竹笛，湖水波光粼粼，轻柔温暖，治愈怀旧、BPM 70、宫调 · 荡漾双桨、环境声场、高清无损立体声,"crystal clear piano, ambient reverb pads, tranquil lake reflection, gentle acoustic strings, deep relaxation, 432hz, instrumental, no vocals, 70 BPM, natural ambient soundscape, pristine spatial reverb, emotional, cinematic travel vlog background music","Cinematic photography of Beihai Park White Pagoda Beijing (北京北海公园白塔), 中国 · 北京市西城区, breathtaking view, 国家4A级, 皇家御苑, 琼华岛, 白塔映湖, 荡起双桨, golden hour lighting, atmospheric perspective, 8k resolution, photorealistic, masterpiece, depth of field",西塘古镇 · 烟雨长廊,GeoMelody AI · 中国,分类意境伴奏,suno_007_xitang.mp3
71,jingshanpark,北京景山公园万春亭,Jingshan Park Beijing,中国,中国 · 北京市西城区,116.3965,39.9242,名山胜岳 / 巍峨雪峰,北京内城中轴最高峰。登临万春亭，南望紫禁城金顶如海，北观钟鼓楼中轴连绵，落日余晖洒满整座千年古都。,中轴线核心、万春亭、俯瞰故宫、京城全景、落日余晖,64,徽调 · 登高揽胜,古筝 · 大提琴 · 晚风呼啸,山间清风 / 微风拂过,高处俯瞰壮丽落日，古筝与深情大提琴，辽阔庄严，黄昏史诗、BPM 64、徽调 · 登高揽胜、山间清风 / 微风拂过、高清无损立体声,"cinematic ambient, grand mountain landscape, epic yet calm, airy bamboo flute, handpan, strings, ethereal atmosphere, instrumental, no vocals, 64 BPM, soft breeze, mountain wind ambience, pristine spatial reverb, emotional, cinematic travel vlog background music","Cinematic photography of Jingshan Park Beijing (北京景山公园万春亭), 中国 · 北京市西城区, breathtaking view, 中轴线核心, 万春亭, 俯瞰故宫, 京城全景, 落日余晖, golden hour lighting, atmospheric perspective, 8k resolution, photorealistic, masterpiece, depth of field",撒哈拉沙漠 · 星空之夜,GeoMelody AI · 摩洛哥,分类意境伴奏,suno_035_sahara.mp3
72,potala,拉萨布达拉宫,Potala Palace Lhasa,中国,中国 · 西藏拉萨市,91.1172,29.6554,名山胜岳 / 巍峨雪峰,红白相间的圣殿高耸于红山之上，金顶在雪域日光下璀璨夺目。八廓街转经筒轻摇，桑烟袅袅，经幡在高原清风中诵念千古祈愿。,国家5A级、世界文化遗产、日光城、雪域圣殿、朝圣之旅,52,藏地禅音 · 432Hz,藏密铜磬 · 鹰骨笛 · 低回诵唱微鸣,古刹钟声 / 远山清钟,西藏雪域高原空灵禅乐，铜磐与骨笛，纯净心灵，高山流云、BPM 52、藏地禅音 · 432Hz、古刹钟声 / 远山清钟、高清无损立体声,"cinematic ambient, grand mountain landscape, epic yet calm, airy bamboo flute, handpan, strings, ethereal atmosphere, instrumental, no vocals, 52 BPM, distant temple bell toll, meditation chime, pristine spatial reverb, emotional, cinematic travel vlog background music","Cinematic photography of Potala Palace Lhasa (拉萨布达拉宫), 中国 · 西藏拉萨市, breathtaking view, 国家5A级, 世界文化遗产, 日光城, 雪域圣殿, 朝圣之旅, golden hour lighting, atmospheric perspective, 8k resolution, photorealistic, masterpiece, depth of field",珠穆朗玛峰 · 世界之巅,GeoMelody AI · 中国,分类意境伴奏,suno_020_everest.mp3
73,taishan,泰山风景名胜区,Mount Tai Shandong,中国,中国 · 山东省泰安市,117.1069,36.2559,名山胜岳 / 巍峨雪峰,五岳之首，天下第一山。登十八盘直上南天门，极顶日出云海翻涌，万丈红霞染透岱宗，会当凌绝顶，一览众山小。,国家5A级、世界文化与自然双遗产、五岳之尊、泰山日出、南天门,64,商调 · 岱宗雄浑,编钟 · 鼓 · 箫 · 高山阵风,山间清风 / 微风拂过,泰山日出云海古典器乐，雄壮大气，箫声与编钟，松涛回荡、BPM 64、商调 · 岱宗雄浑、山间清风 / 微风拂过、高清无损立体声,"cinematic ambient, grand mountain landscape, epic yet calm, airy bamboo flute, handpan, strings, ethereal atmosphere, instrumental, no vocals, 64 BPM, soft breeze, mountain wind ambience, pristine spatial reverb, emotional, cinematic travel vlog background music","Cinematic photography of Mount Tai Shandong (泰山风景名胜区), 中国 · 山东省泰安市, breathtaking view, 国家5A级, 世界文化与自然双遗产, 五岳之尊, 泰山日出, 南天门, golden hour lighting, atmospheric perspective, 8k resolution, photorealistic, masterpiece, depth of field",珠穆朗玛峰 · 世界之巅,GeoMelody AI · 中国,分类意境伴奏,suno_020_everest.mp3
74,huangshan,黄山风景名胜区,Mount Huangshan Anhui,中国,中国 · 安徽省黄山市,118.1746,30.1318,名山胜岳 / 巍峨雪峰,五岳归来不看山，黄山归来不看岳。奇松挺拔于绝壁，怪石嶙峋，云海蒸腾如梦似幻，温泉潺潺，犹如天开水墨画卷。,国家5A级、世界文化与自然双遗产、迎客松、黄山云海、光明顶,58,徽调水墨 · 羽声,古筝 · 洞箫 · 云雾微风 · 奇松松涛,山间清风 / 微风拂过,水墨黄山仙境器乐，空灵洞箫与古筝，奇松怪石，云海飘渺、BPM 58、徽调水墨 · 羽声、山间清风 / 微风拂过、高清无损立体声,"cinematic ambient, grand mountain landscape, epic yet calm, airy bamboo flute, handpan, strings, ethereal atmosphere, instrumental, no vocals, 58 BPM, soft breeze, mountain wind ambience, pristine spatial reverb, emotional, cinematic travel vlog background music","Cinematic photography of Mount Huangshan Anhui (黄山风景名胜区), 中国 · 安徽省黄山市, breathtaking view, 国家5A级, 世界文化与自然双遗产, 迎客松, 黄山云海, 光明顶, golden hour lighting, atmospheric perspective, 8k resolution, photorealistic, masterpiece, depth of field",珠穆朗玛峰 · 世界之巅,GeoMelody AI · 中国,分类意境伴奏,suno_020_everest.mp3
75,huashan,华山风景名胜区,Mount Huashan Shaanxi,中国,中国 · 陕西省渭南市,110.0867,34.4883,名山胜岳 / 巍峨雪峰,奇险天下第一山。长空栈道悬于千仞绝壁，苍龙岭如游龙卧脊，东峰观日出，西峰试剑石，尽显西岳挺拔冷峻之骨气。,国家5A级、西岳华山、长空栈道、苍龙岭、绝壁奇险,70,秦腔遗韵 · 角调,古琴 · 琵琶扫弦 · 峭壁罡风,山间清风 / 微风拂过,华山绝壁古琴与琵琶，苍茫辽远，奇险挺拔，侠骨柔情、BPM 70、秦腔遗韵 · 角调、山间清风 / 微风拂过、高清无损立体声,"cinematic ambient, grand mountain landscape, epic yet calm, airy bamboo flute, handpan, strings, ethereal atmosphere, instrumental, no vocals, 70 BPM, soft breeze, mountain wind ambience, pristine spatial reverb, emotional, cinematic travel vlog background music","Cinematic photography of Mount Huashan Shaanxi (华山风景名胜区), 中国 · 陕西省渭南市, breathtaking view, 国家5A级, 西岳华山, 长空栈道, 苍龙岭, 绝壁奇险, golden hour lighting, atmospheric perspective, 8k resolution, photorealistic, masterpiece, depth of field",珠穆朗玛峰 · 世界之巅,GeoMelody AI · 中国,分类意境伴奏,suno_020_everest.mp3
76,emeishan,峨眉山-乐山大佛,Mount Emei & Leshan Giant Buddha,中国,中国 · 四川省乐山市,103.3364,29.5998,名山胜岳 / 巍峨雪峰,峨眉天下秀，金顶祥光普照。大佛依凌云山栖霞峰临江而凿，大江东去，佛是一座山，山是一尊佛，佛音缭绕千年不绝。,国家5A级、世界文化与自然双遗产、金顶佛光、乐山大佛、峨眉雪霁,54,巴蜀梵音 · 432Hz,铜钟 · 古琴 · 山泉滴水 · 梵呗微鸣,古刹钟声 / 远山清钟,峨眉山金顶佛光禅乐，清幽晨钟与古琴，山涧清泉，静心宁神、BPM 54、巴蜀梵音 · 432Hz、古刹钟声 / 远山清钟、高清无损立体声,"cinematic ambient, grand mountain landscape, epic yet calm, airy bamboo flute, handpan, strings, ethereal atmosphere, instrumental, no vocals, 54 BPM, distant temple bell toll, meditation chime, pristine spatial reverb, emotional, cinematic travel vlog background music","Cinematic photography of Mount Emei & Leshan Giant Buddha (峨眉山-乐山大佛), 中国 · 四川省乐山市, breathtaking view, 国家5A级, 世界文化与自然双遗产, 金顶佛光, 乐山大佛, 峨眉雪霁, golden hour lighting, atmospheric perspective, 8k resolution, photorealistic, masterpiece, depth of field",珠穆朗玛峰 · 世界之巅,GeoMelody AI · 中国,分类意境伴奏,suno_020_everest.mp3
77,terracotta,秦始皇兵马俑博物馆,Emperor Qinshihuang Mausoleum Site,中国,中国 · 陕西省西安市,109.2785,34.3841,古镇水乡 / 历史村落,世界第八大奇迹。地下千军万马列阵以待，栩栩如生的陶俑陶马重现大秦帝国扫平六合的磅礴气象，见证中华文明不朽历史。,国家5A级、世界文化遗产、世界第八大奇迹、大秦帝国、地下军阵,68,秦风古韵 · 宫音,战鼓 · 埙 · 古筝 · 历史回响,古刹钟声 / 远山清钟,大秦军阵历史回响，沉稳战鼓与埙声，苍劲厚重，华夏雄风、BPM 68、秦风古韵 · 宫音、古刹钟声 / 远山清钟、高清无损立体声,"traditional oriental acoustic folk, guzheng, bamboo flute, acoustic guitar, peaceful water town vibe, relaxing, serene, instrumental, no vocals, 68 BPM, distant temple bell toll, meditation chime, pristine spatial reverb, emotional, cinematic travel vlog background music","Cinematic photography of Emperor Qinshihuang Mausoleum Site (秦始皇兵马俑博物馆), 中国 · 陕西省西安市, breathtaking view, 国家5A级, 世界文化遗产, 世界第八大奇迹, 大秦帝国, 地下军阵, golden hour lighting, atmospheric perspective, 8k resolution, photorealistic, masterpiece, depth of field",乌镇水乡,GeoMelody AI · 中国,分类意境伴奏,suno_001_wuzhen.mp3
78,guilin_5a,桂林漓江风景名胜区,Li River Guilin,中国,中国 · 广西桂林阳朔,110.4952,24.7797,宁静湖泊 / 高原圣湖,桂林山水甲天下，阳朔山水甲桂林。江作青罗带，山如碧玉簪。乘一叶竹筏顺流而下，二十元人民币背景风光倒映清澈碧波。,国家5A级、世界自然遗产、漓江竹筏、象鼻山、阳朔西街,64,壮乡山歌 · 五声调式,竹笛 · 芦笙 · 漓江水声 · 鸬鹚点水,环境声场,桂林漓江水墨竹笛，芦笙悠扬，竹筏荡漾，青峰倒影，如诗如画、BPM 64、壮乡山歌 · 五声调式、环境声场、高清无损立体声,"crystal clear piano, ambient reverb pads, tranquil lake reflection, gentle acoustic strings, deep relaxation, 432hz, instrumental, no vocals, 64 BPM, natural ambient soundscape, pristine spatial reverb, emotional, cinematic travel vlog background music","Cinematic photography of Li River Guilin (桂林漓江风景名胜区), 中国 · 广西桂林阳朔, breathtaking view, 国家5A级, 世界自然遗产, 漓江竹筏, 象鼻山, 阳朔西街, golden hour lighting, atmospheric perspective, 8k resolution, photorealistic, masterpiece, depth of field",普利特维采湖群 · 欧洲十六湖,GeoMelody AI · 克罗地亚,分类意境伴奏,suno_045_plitvice.mp3
79,westlake_5a,杭州西湖文化景观,West Lake Cultural Landscape Hangzhou,中国,中国 · 浙江省杭州市,120.1472,30.2435,宁静湖泊 / 高原圣湖,水光潋滟晴方好，山色空蒙雨亦奇。苏堤春晓，断桥残雪，雷峰夕照，三潭印月，千古江南诗意尽萃于一湖澄澈烟波。,国家5A级、世界文化遗产、断桥残雪、苏堤春晓、雷峰夕照,65,西湖琴韵 · 羽调,古筝 · 洞箫 · 柳浪闻莺 · 细雨润湖,烟雨滴檐 / 细雨淅淅,江南西湖烟雨古筝曲，轻柔洞箫，荷花微雨，断桥幽梦、BPM 65、西湖琴韵 · 羽调、烟雨滴檐 / 细雨淅淅、高清无损立体声,"crystal clear piano, ambient reverb pads, tranquil lake reflection, gentle acoustic strings, deep relaxation, 432hz, instrumental, no vocals, 65 BPM, gentle rain ambience, raindrops on roof, pristine spatial reverb, emotional, cinematic travel vlog background music","Cinematic photography of West Lake Cultural Landscape Hangzhou (杭州西湖文化景观), 中国 · 浙江省杭州市, breathtaking view, 国家5A级, 世界文化遗产, 断桥残雪, 苏堤春晓, 雷峰夕照, golden hour lighting, atmospheric perspective, 8k resolution, photorealistic, masterpiece, depth of field",普利特维采湖群 · 欧洲十六湖,GeoMelody AI · 克罗地亚,分类意境伴奏,suno_045_plitvice.mp3
80,huangguoshu,贵州黄果树大瀑布,Huangguoshu Waterfall Guizhou,中国,中国 · 贵州省安顺市,105.6669,25.9926,宁静湖泊 / 高原圣湖,亚洲最大瀑布，奔腾白水如银河倒挂，轰鸣之声如万马奔腾。水帘洞横贯其间，飞瀑激起漫天彩虹，壮美绝伦。,国家5A级、亚洲第一瀑布、水帘洞、天星桥、喀斯特奇观,74,黔山水音 · 奔流调,铜鼓 · 侗族大歌和声 · 飞瀑水雾声,环境声场,黄果树飞瀑奔腾乐章，铜鼓与少数民族和声，瀑布水汽，气势恢宏、BPM 74、黔山水音 · 奔流调、环境声场、高清无损立体声,"crystal clear piano, ambient reverb pads, tranquil lake reflection, gentle acoustic strings, deep relaxation, 432hz, instrumental, no vocals, 74 BPM, natural ambient soundscape, pristine spatial reverb, emotional, cinematic travel vlog background music","Cinematic photography of Huangguoshu Waterfall Guizhou (贵州黄果树大瀑布), 中国 · 贵州省安顺市, breathtaking view, 国家5A级, 亚洲第一瀑布, 水帘洞, 天星桥, 喀斯特奇观, golden hour lighting, atmospheric perspective, 8k resolution, photorealistic, masterpiece, depth of field",贡嘎雪山 · 蜀山之王,GeoMelody AI · 中国,分类意境伴奏,suno_018_gongga.mp3
81,xiaoqikong,荔波小七孔风景区,Libo Xiaoqikong Scenic Area Guizhou,中国,中国 · 贵州省黔南州,107.7289,25.2608,幽深森林 / 自然秘境,地球绿宝石。七孔古桥横跨碧绿如玉的响水河，拉雅瀑布飞流直下，水上森林树瀑交融，满目苍翠沁人心脾。,国家5A级、世界自然遗产、地球绿宝石、七孔古桥、水上森林,60,绿野仙踪 · 五声音阶,竹笛 · 竖琴 · 溪流潺潺 · 鸟鸣幽谷,晨曦鸟鸣 / 空山鸟语,荔波绿宝石森林仙乐，清脆竹笛与竖琴，溪水潺潺，鸟语花香、BPM 60、绿野仙踪 · 五声音阶、晨曦鸟鸣 / 空山鸟语、高清无损立体声,"healing nature ambient, acoustic guitar fingerstyle, bird song, wind chimes, lush green forest, zen meditation, instrumental, no vocals, 60 BPM, morning bird singing, forest birds chirp, pristine spatial reverb, emotional, cinematic travel vlog background music","Cinematic photography of Libo Xiaoqikong Scenic Area Guizhou (荔波小七孔风景区), 中国 · 贵州省黔南州, breathtaking view, 国家5A级, 世界自然遗产, 地球绿宝石, 七孔古桥, 水上森林, golden hour lighting, atmospheric perspective, 8k resolution, photorealistic, masterpiece, depth of field",马尔代夫 · 蓝色环礁,GeoMelody AI · 马尔代夫,分类意境伴奏,suno_026_maldives.mp3
82,wuyishan,武夷山风景名胜区,Mount Wuyi Fujian,中国,中国 · 福建省南平市,117.9733,27.6521,名山胜岳 / 巍峨雪峰,九曲溪竹筏漂流，两岸三十六峰奇绝秀拔。玉女峰与大王峰深情相望，大红袍茶树生长于绝壁岩缝，茶香伴随溪声清冽悠远。,国家5A级、世界文化与自然双遗产、九曲溪竹筏、大红袍茶树、玉女峰,62,禅茶一味 · 商调,古琴 · 箫 · 九曲溪流水 · 茶汤斟注,烟雨滴檐 / 细雨淅淅,武夷山茶禅古琴曲，箫声悠远，溪流竹筏，清茗幽香、BPM 62、禅茶一味 · 商调、烟雨滴檐 / 细雨淅淅、高清无损立体声,"cinematic ambient, grand mountain landscape, epic yet calm, airy bamboo flute, handpan, strings, ethereal atmosphere, instrumental, no vocals, 62 BPM, gentle rain ambience, raindrops on roof, pristine spatial reverb, emotional, cinematic travel vlog background music","Cinematic photography of Mount Wuyi Fujian (武夷山风景名胜区), 中国 · 福建省南平市, breathtaking view, 国家5A级, 世界文化与自然双遗产, 九曲溪竹筏, 大红袍茶树, 玉女峰, golden hour lighting, atmospheric perspective, 8k resolution, photorealistic, masterpiece, depth of field",加州红杉国家公园,GeoMelody AI · 美国,分类意境伴奏,suno_044_redwood.mp3
83,lushan,庐山风景名胜区,Mount Lushan Jiangxi,中国,中国 · 江西省九江市,115.9892,29.5638,名山胜岳 / 巍峨雪峰,横看成岭侧成峰，远近高低各不同。三叠泉飞瀑直泻千尺，含鄱口极目鄱阳湖烟波，牯岭避暑小镇云雾缭绕如仙境。,国家5A级、世界文化景观遗产、三叠泉飞瀑、含鄱口、牯岭云雾,60,匡庐云涛 · 羽调,古琴 · 琵琶 · 飞瀑松涛 · 山鸟啼鸣,山间清风 / 微风拂过,庐山水墨仙境乐章，古琴松涛，飞瀑云海，隐逸诗意、BPM 60、匡庐云涛 · 羽调、山间清风 / 微风拂过、高清无损立体声,"cinematic ambient, grand mountain landscape, epic yet calm, airy bamboo flute, handpan, strings, ethereal atmosphere, instrumental, no vocals, 60 BPM, soft breeze, mountain wind ambience, pristine spatial reverb, emotional, cinematic travel vlog background music","Cinematic photography of Mount Lushan Jiangxi (庐山风景名胜区), 中国 · 江西省九江市, breathtaking view, 国家5A级, 世界文化景观遗产, 三叠泉飞瀑, 含鄱口, 牯岭云雾, golden hour lighting, atmospheric perspective, 8k resolution, photorealistic, masterpiece, depth of field",珠穆朗玛峰 · 世界之巅,GeoMelody AI · 中国,分类意境伴奏,suno_020_everest.mp3
84,kanas,新疆阿勒泰喀纳斯湖,Kanas Lake Altai Xinjiang,中国,中国 · 新疆阿勒泰布尔津,87.0378,48.6931,宁静湖泊 / 高原圣湖,阿尔泰山深处的神秘仙境。湖水随四季光线变换翡翠、天青与乳白，卧龙湾、月亮湾、神仙湾云雾升腾，白桦林金黄绚烂如油画。,国家5A级、人间净土、月亮湾、图瓦人村落、喀纳斯三湾,58,图瓦草调 · 432Hz,苏尔笛 · 托布秀尔 · 湖水清风 · 白桦落叶,山间清风 / 微风拂过,新疆喀纳斯神秘湖泊乐曲，苏尔笛与冬不拉，白桦林秋风，静谧纯美、BPM 58、图瓦草调 · 432Hz、山间清风 / 微风拂过、高清无损立体声,"crystal clear piano, ambient reverb pads, tranquil lake reflection, gentle acoustic strings, deep relaxation, 432hz, instrumental, no vocals, 58 BPM, soft breeze, mountain wind ambience, pristine spatial reverb, emotional, cinematic travel vlog background music","Cinematic photography of Kanas Lake Altai Xinjiang (新疆阿勒泰喀纳斯湖), 中国 · 新疆阿勒泰布尔津, breathtaking view, 国家5A级, 人间净土, 月亮湾, 图瓦人村落, 喀纳斯三湾, golden hour lighting, atmospheric perspective, 8k resolution, photorealistic, masterpiece, depth of field",普利特维采湖群 · 欧洲十六湖,GeoMelody AI · 克罗地亚,分类意境伴奏,suno_045_plitvice.mp3
85,tianshan,新疆天山天池,Heavenly Lake of Tianshan Xinjiang,中国,中国 · 新疆昌吉州阜康市,88.1342,43.8856,宁静湖泊 / 高原圣湖,博格达雪峰下的瑶池仙境。高山湖泊宛如碧玉镶嵌于雪山云杉林间，传闻西王母设蟠桃宴之处，倒映着巍峨雪峰终年冰霜。,国家5A级、世界自然遗产、博格达峰、瑶池圣水、雪山倒影,62,西域瑶池 · 宫调,热瓦普 · 艾捷克 · 雪山清风 · 冰泉滴水,山间清风 / 微风拂过,天山天池雪域仙境乐曲，热瓦普与冬不拉，博格达雪峰倒影，纯净脱俗、BPM 62、西域瑶池 · 宫调、山间清风 / 微风拂过、高清无损立体声,"crystal clear piano, ambient reverb pads, tranquil lake reflection, gentle acoustic strings, deep relaxation, 432hz, instrumental, no vocals, 62 BPM, soft breeze, mountain wind ambience, pristine spatial reverb, emotional, cinematic travel vlog background music","Cinematic photography of Heavenly Lake of Tianshan Xinjiang (新疆天山天池), 中国 · 新疆昌吉州阜康市, breathtaking view, 国家5A级, 世界自然遗产, 博格达峰, 瑶池圣水, 雪山倒影, golden hour lighting, atmospheric perspective, 8k resolution, photorealistic, masterpiece, depth of field",玻利维亚 · 乌尤尼盐沼天空之镜,GeoMelody AI · 玻利维亚,分类意境伴奏,suno_126_salardeuyuni.mp3
86,pyramids,埃及吉萨金字塔群与狮身人面像,Giza Pyramids & Sphinx,埃及,埃及 · 开罗吉萨省,31.1342,29.9792,浩瀚大漠 / 丝路遗迹,古代世界七大奇迹唯一幸存者。胡夫大金字塔巍然耸立于金色撒哈拉沙漠尽头，狮身人面像凝视东方落日，承载四千年古埃及神秘传奇。,世界古代七大奇迹、世界文化遗产、胡夫金字塔、狮身人面像、法老王朝,64,Ancient Egyptian Scale · D Minor,乌德琴 · 纳伊笛 · 达布卡手鼓 · 沙漠热风,山间清风 / 微风拂过,埃及古金字塔神秘史诗乐，乌德琴与手鼓，沙漠落日，千古法老传奇、BPM 64、Ancient Egyptian Scale · D Minor、山间清风 / 微风拂过、高清无损立体声,"silk road world music, oud, duduk, middle eastern hand percussion, desert wind, mysterious, atmospheric journey, instrumental, no vocals, 64 BPM, soft breeze, mountain wind ambience, pristine spatial reverb, emotional, cinematic travel vlog background music","Cinematic photography of Giza Pyramids & Sphinx (埃及吉萨金字塔群与狮身人面像), 埃及 · 开罗吉萨省, breathtaking view, 世界古代七大奇迹, 世界文化遗产, 胡夫金字塔, 狮身人面像, 法老王朝, golden hour lighting, atmospheric perspective, 8k resolution, photorealistic, masterpiece, depth of field",撒哈拉沙漠 · 星空之夜,GeoMelody AI · 摩洛哥,分类意境伴奏,suno_035_sahara.mp3
87,tajmahal,印度阿格拉泰姬陵,Taj Mahal Agra,印度,印度 · 北方邦阿格拉,78.0421,27.1751,古镇水乡 / 历史村落,白色大理石砌筑的永恒爱情丰碑。亚穆纳河畔的水面倒映着完美对称的穹顶与尖塔，朝霞与暮色中呈现梦幻般的粉白与金黄。,世界新七大奇迹、世界文化遗产、大理石穹顶、亚穆纳河畔、莫卧儿建筑,58,Raga Yaman · Indian Classical,西塔琴 · 塔布拉鼓 · 班苏里竹笛,烟雨滴檐 / 细雨淅淅,泰姬陵印度古典冥想西塔琴曲，塔布拉鼓与竹笛，晨光微曦，深情浪漫、BPM 58、Raga Yaman · Indian Classical、烟雨滴檐 / 细雨淅淅、高清无损立体声,"traditional oriental acoustic folk, guzheng, bamboo flute, acoustic guitar, peaceful water town vibe, relaxing, serene, instrumental, no vocals, 58 BPM, gentle rain ambience, raindrops on roof, pristine spatial reverb, emotional, cinematic travel vlog background music","Cinematic photography of Taj Mahal Agra (印度阿格拉泰姬陵), 印度 · 北方邦阿格拉, breathtaking view, 世界新七大奇迹, 世界文化遗产, 大理石穹顶, 亚穆纳河畔, 莫卧儿建筑, golden hour lighting, atmospheric perspective, 8k resolution, photorealistic, masterpiece, depth of field",乌镇水乡,GeoMelody AI · 中国,分类意境伴奏,suno_001_wuzhen.mp3
88,angkorwat,柬埔寨暹粒吴哥窟,Angkor Wat Siem Reap,柬埔寨,柬埔寨 · 暹粒省,103.867,13.4125,幽深森林 / 自然秘境,高棉微笑与丛林古迹的终极奇观。巨大的热带榕树盘根错节包裹着千年石雕神庙，荷花池畔日出将五座莲花佛塔染成耀眼金光。,世界文化遗产、吴哥古迹、高棉微笑、塔普伦寺、莲花塔日出,56,Khmer Mystic · Pentatonic,高棉木琴 · 钟磬 · 雨林鸟鸣 · 晨雾微风,晨曦鸟鸣 / 空山鸟语,吴哥窟热带雨林古迹禅乐，木琴与钟声，千年高棉微笑，神秘空灵、BPM 56、Khmer Mystic · Pentatonic、晨曦鸟鸣 / 空山鸟语、高清无损立体声,"healing nature ambient, acoustic guitar fingerstyle, bird song, wind chimes, lush green forest, zen meditation, instrumental, no vocals, 56 BPM, morning bird singing, forest birds chirp, pristine spatial reverb, emotional, cinematic travel vlog background music","Cinematic photography of Angkor Wat Siem Reap (柬埔寨暹粒吴哥窟), 柬埔寨 · 暹粒省, breathtaking view, 世界文化遗产, 吴哥古迹, 高棉微笑, 塔普伦寺, 莲花塔日出, golden hour lighting, atmospheric perspective, 8k resolution, photorealistic, masterpiece, depth of field",九寨沟 · 五彩童话森林,GeoMelody AI · 中国,分类意境伴奏,suno_039_jiuzhaigou.mp3
89,machupicchu,秘鲁马丘比丘印加遗址,Machu Picchu Inca Citadel,秘鲁,秘鲁 · 库斯科大区,-72.545,-13.1631,名山胜岳 / 巍峨雪峰,安第斯山脉云端之上的失落之城。梯田与巨石城堡屹立于巍峨峰巅之间，晨雾飘渺穿行于印加太阳神庙，羊驼在草坡上闲庭信步。,世界新七大奇迹、世界文化与自然双遗产、印加帝国、失落之城、安第斯云海,64,Andean Flute · El Condor Pasa Mode,印加排箫 · 恰朗戈小吉他 · 安第斯山风,山间清风 / 微风拂过,安第斯山印加排箫经典乐曲，轻柔吉他与山风，雄鹰展翅，云端古堡、BPM 64、Andean Flute · El Condor Pasa Mode、山间清风 / 微风拂过、高清无损立体声,"cinematic ambient, grand mountain landscape, epic yet calm, airy bamboo flute, handpan, strings, ethereal atmosphere, instrumental, no vocals, 64 BPM, soft breeze, mountain wind ambience, pristine spatial reverb, emotional, cinematic travel vlog background music","Cinematic photography of Machu Picchu Inca Citadel (秘鲁马丘比丘印加遗址), 秘鲁 · 库斯科大区, breathtaking view, 世界新七大奇迹, 世界文化与自然双遗产, 印加帝国, 失落之城, 安第斯云海, golden hour lighting, atmospheric perspective, 8k resolution, photorealistic, masterpiece, depth of field",珠穆朗玛峰 · 世界之巅,GeoMelody AI · 中国,分类意境伴奏,suno_020_everest.mp3
90,colosseum,意大利罗马斗兽场,Colosseum & Roman Forum,意大利,意大利 · 罗马市中心,12.4922,41.8902,古镇水乡 / 历史村落,古罗马帝国永恒标志。圆形拱门与三层石柱见证了两千年前角斗士的荣耀传奇，夜幕降临时金色灯光将古老剧场映照得如梦如幻。,世界新七大奇迹、世界文化遗产、古罗马帝国、永恒之城、拱券建筑,68,Classical Roman Hymn · A Minor,大提琴 · 古典弦乐组 · 铜管号角回音,古刹钟声 / 远山清钟,古罗马斗兽场史诗古典大提琴与交响弦乐，苍茫历史，庄重深沉、BPM 68、Classical Roman Hymn · A Minor、古刹钟声 / 远山清钟、高清无损立体声,"traditional oriental acoustic folk, guzheng, bamboo flute, acoustic guitar, peaceful water town vibe, relaxing, serene, instrumental, no vocals, 68 BPM, distant temple bell toll, meditation chime, pristine spatial reverb, emotional, cinematic travel vlog background music","Cinematic photography of Colosseum & Roman Forum (意大利罗马斗兽场), 意大利 · 罗马市中心, breathtaking view, 世界新七大奇迹, 世界文化遗产, 古罗马帝国, 永恒之城, 拱券建筑, golden hour lighting, atmospheric perspective, 8k resolution, photorealistic, masterpiece, depth of field",意大利罗马斗兽场,GeoMelody AI · 意大利,专属定制曲目,suno_090_colosseum.mp3
91,cappadocia,土耳其卡帕多奇亚热气球山谷,Cappadocia Hot Air Balloon Valley,土耳其,土耳其 · 内夫谢希尔省,34.8289,38.6431,浩瀚大漠 / 丝路遗迹,月球表面般的奇幻地貌。数以百计五彩缤纷的热气球在日出时分缓缓升空，漂浮在精灵烟囱与洞穴城堡之上，谱写最浪漫的空中童话。,世界文化与自然双遗产、热气球日出、精灵烟囱、洞穴城堡、月球地貌,66,Anatolian Sunset · G Minor,萨兹琴 · 奈伊笛 · 日出微风 · 喷火气流微声,山间清风 / 微风拂过,土耳其卡帕多奇亚热气球浪漫清晨音乐，萨兹琴与空灵木笛，唯美治愈、BPM 66、Anatolian Sunset · G Minor、山间清风 / 微风拂过、高清无损立体声,"silk road world music, oud, duduk, middle eastern hand percussion, desert wind, mysterious, atmospheric journey, instrumental, no vocals, 66 BPM, soft breeze, mountain wind ambience, pristine spatial reverb, emotional, cinematic travel vlog background music","Cinematic photography of Cappadocia Hot Air Balloon Valley (土耳其卡帕多奇亚热气球山谷), 土耳其 · 内夫谢希尔省, breathtaking view, 世界文化与自然双遗产, 热气球日出, 精灵烟囱, 洞穴城堡, 月球地貌, golden hour lighting, atmospheric perspective, 8k resolution, photorealistic, masterpiece, depth of field",撒哈拉沙漠 · 星空之夜,GeoMelody AI · 摩洛哥,分类意境伴奏,suno_035_sahara.mp3
92,geirangerfjord,挪威盖朗厄尔峡湾,Geirangerfjord Norway,挪威,挪威 · 默勒-鲁姆斯达尔郡,7.0941,62.1015,宁静湖泊 / 高原圣湖,世界最壮美的大峡湾。万年冰川切割出的千米翡翠峡谷，七姐妹瀑布从高耸悬崖奔涌而下，游轮穿行其间如入北欧童话之境。,世界自然遗产、七姐妹瀑布、北欧峡湾、万年冰川、翡翠水系,56,Nordic Folk Mood · G Major,哈当厄尔小提琴 · 原声吉他 · 峡湾水浪声,环境声场,挪威峡湾北欧民谣小提琴与原声吉他，纯净冰川飞瀑，宁静治愈、BPM 56、Nordic Folk Mood · G Major、环境声场、高清无损立体声,"crystal clear piano, ambient reverb pads, tranquil lake reflection, gentle acoustic strings, deep relaxation, 432hz, instrumental, no vocals, 56 BPM, natural ambient soundscape, pristine spatial reverb, emotional, cinematic travel vlog background music","Cinematic photography of Geirangerfjord Norway (挪威盖朗厄尔峡湾), 挪威 · 默勒-鲁姆斯达尔郡, breathtaking view, 世界自然遗产, 七姐妹瀑布, 北欧峡湾, 万年冰川, 翡翠水系, golden hour lighting, atmospheric perspective, 8k resolution, photorealistic, masterpiece, depth of field",普利特维采湖群 · 欧洲十六湖,GeoMelody AI · 克罗地亚,分类意境伴奏,suno_045_plitvice.mp3
93,greatbarrierreef,澳大利亚大堡礁与心形礁,Great Barrier Reef & Heart Reef,澳大利亚,澳大利亚 · 昆士兰州珊瑚海,147.6992,-18.2871,海滨海岛 / 蔚蓝海域,太空唯一肉眼可见的生物奇迹。两千多公里色彩斑斓的珊瑚礁群如翡翠链条铺展在南太平洋碧波中，心形礁向世界传递大自然的浪漫。,世界自然遗产、世界最大珊瑚礁、心形礁、浮潜圣地、南太平洋,72,Tropical Coral Melody · D Major,马林巴木琴 · 原声尤克里里 · 碧波涌浪,环境声场,大堡礁阳光海浪音乐，尤克里里与马林巴木琴，清澈碧海，轻快悠闲、BPM 72、Tropical Coral Melody · D Major、环境声场、高清无损立体声,"tropical chillout, acoustic guitar, smooth piano, ukulele, ocean wave ambient, peaceful seaside sunset, warm breeze, instrumental, no vocals, 72 BPM, natural ambient soundscape, pristine spatial reverb, emotional, cinematic travel vlog background music","Cinematic photography of Great Barrier Reef & Heart Reef (澳大利亚大堡礁与心形礁), 澳大利亚 · 昆士兰州珊瑚海, breathtaking view, 世界自然遗产, 世界最大珊瑚礁, 心形礁, 浮潜圣地, 南太平洋, golden hour lighting, atmospheric perspective, 8k resolution, photorealistic, masterpiece, depth of field",澳大利亚大堡礁与心形礁,GeoMelody AI · 澳大利亚,专属定制曲目,suno_093_greatbarrierreef.mp3
94,sydneyoperahouse,澳大利亚悉尼歌剧院与海港大桥,Sydney Opera House & Harbour Bridge,澳大利亚,澳大利亚 · 新南威尔士州悉尼,151.2153,-33.8568,都会风情 / 人文地标,二十世纪人类建筑奇迹。白帆造型宛若停泊在悉尼湾的贝壳巨舰，夕阳下与海港大桥交相辉映，渡轮划开蔚蓝海浪。,世界文化遗产、悉尼地标、贝壳白帆、海港大桥、现代建筑经典,80,Modern Symphony · F Major,交响管弦乐 · 钢琴主奏 · 海港潮汐,环境声场,悉尼歌剧院现代交响钢琴曲，海港落日，优雅白帆，恢弘典雅、BPM 80、Modern Symphony · F Major、环境声场、高清无损立体声,"lo-fi chillhop, jazzy piano chords, mellow synth pads, urban coffee shop vibe, nostalgic, smooth groove, instrumental, no vocals, 80 BPM, natural ambient soundscape, pristine spatial reverb, emotional, cinematic travel vlog background music","Cinematic photography of Sydney Opera House & Harbour Bridge (澳大利亚悉尼歌剧院与海港大桥), 澳大利亚 · 新南威尔士州悉尼, breathtaking view, 世界文化遗产, 悉尼地标, 贝壳白帆, 海港大桥, 现代建筑经典, golden hour lighting, atmospheric perspective, 8k resolution, photorealistic, masterpiece, depth of field",澳大利亚悉尼歌剧院与海港大桥,GeoMelody AI · 澳大利亚,专属定制曲目,suno_094_sydneyoperahouse.mp3
95,yellowstone,美国黄石国家公园 · 大棱镜温泉,Yellowstone Grand Prismatic Spring,美国,美国 · 怀俄明州,-110.8382,44.525,幽深森林 / 自然秘境,世界第一个国家公园。大棱镜温泉七彩斑斓如大地之眼，老忠实间歇泉准时喷涌百米水柱，野生野牛群漫步在广袤高山草甸上。,世界自然遗产、大棱镜彩泉、老忠实间歇泉、世界首个国家公园、地热奇观,64,American Wilderness · G Major,民谣吉他 · 班卓琴轻拨 · 间歇泉蒸汽声,山间清风 / 微风拂过,黄石公园广袤荒野乐章，原声民谣吉他与清风，七彩温泉，天地壮阔、BPM 64、American Wilderness · G Major、山间清风 / 微风拂过、高清无损立体声,"healing nature ambient, acoustic guitar fingerstyle, bird song, wind chimes, lush green forest, zen meditation, instrumental, no vocals, 64 BPM, soft breeze, mountain wind ambience, pristine spatial reverb, emotional, cinematic travel vlog background music","Cinematic photography of Yellowstone Grand Prismatic Spring (美国黄石国家公园 · 大棱镜温泉), 美国 · 怀俄明州, breathtaking view, 世界自然遗产, 大棱镜彩泉, 老忠实间歇泉, 世界首个国家公园, 地热奇观, golden hour lighting, atmospheric perspective, 8k resolution, photorealistic, masterpiece, depth of field",九寨沟 · 五彩童话森林,GeoMelody AI · 中国,分类意境伴奏,suno_039_jiuzhaigou.mp3
96,gugong,北京故宫博物院 · 紫禁城,Beijing Forbidden City,中国,中国 · 北京市东城区,116.3971,39.9163,古镇水乡 / 历史村落,六百年明清皇家宫殿建筑群，红墙金瓦，重檐飞拱。角楼倒映在护城河的碧波之中，见证着东方文明的皇皇大雅与岁月沉淀。,国家5A级景区、世界文化遗产、紫禁城、故宫角楼、明清宫殿,65,宫廷五声商调 · 盛世华章,编钟 · 古筝 · 洞箫 · 护城河微波,古刹钟声 / 远山清钟,故宫红墙金瓦古典中国风纯音、古筝与编钟、恢弘悠扬、历史沉淀、BPM 65、宫廷五声商调 · 盛世华章、古刹钟声 / 远山清钟、高清无损立体声,"traditional oriental acoustic folk, guzheng, bamboo flute, acoustic guitar, peaceful water town vibe, relaxing, serene, instrumental, no vocals, 65 BPM, distant temple bell toll, meditation chime, pristine spatial reverb, emotional, cinematic travel vlog background music","Cinematic photography of Beijing Forbidden City (北京故宫博物院 · 紫禁城), 中国 · 北京市东城区, breathtaking view, 国家5A级景区, 世界文化遗产, 紫禁城, 故宫角楼, 明清宫殿, golden hour lighting, atmospheric perspective, 8k resolution, photorealistic, masterpiece, depth of field",乌镇水乡,GeoMelody AI · 中国,分类意境伴奏,suno_001_wuzhen.mp3
97,yiheyuan,北京颐和园 · 万寿山与昆明湖,Beijing Summer Palace,中国,中国 · 北京市海淀区,116.2755,39.9998,宁静湖泊 / 高原圣湖,中国古典皇家园林之巅峰。佛香阁耸立万寿山之巅，十七孔桥金光穿洞，十七道光芒映射在昆明湖波光浩渺之中。,国家5A级景区、世界文化遗产、皇家园林、十七孔桥、万寿山,68,五声羽调 · 昆明烟波,琵琶 · 竹笛 · 湖水拍岸 · 远山清风,山间清风 / 微风拂过,颐和园昆明湖中国风古典音乐、竹笛与琵琶、皇家园林意境、水波荡漾、BPM 68、五声羽调 · 昆明烟波、山间清风 / 微风拂过、高清无损立体声,"crystal clear piano, ambient reverb pads, tranquil lake reflection, gentle acoustic strings, deep relaxation, 432hz, instrumental, no vocals, 68 BPM, soft breeze, mountain wind ambience, pristine spatial reverb, emotional, cinematic travel vlog background music","Cinematic photography of Beijing Summer Palace (北京颐和园 · 万寿山与昆明湖), 中国 · 北京市海淀区, breathtaking view, 国家5A级景区, 世界文化遗产, 皇家园林, 十七孔桥, 万寿山, golden hour lighting, atmospheric perspective, 8k resolution, photorealistic, masterpiece, depth of field",普利特维采湖群 · 欧洲十六湖,GeoMelody AI · 克罗地亚,分类意境伴奏,suno_045_plitvice.mp3
98,badaling,八达岭长城 · 万里长城,Badaling Great Wall,中国,中国 · 北京市延庆区,116.015,40.3582,名山胜岳 / 巍峨雪峰,不到长城非好汉。宛若巨龙盘踞在崇山峻岭之上，敌楼矗立，烽燧遥望。雄关漫道真如铁，见证了中华民族两千年的雄浑气魄。,国家5A级景区、世界七大奇迹、万里长城、八达岭、雄关漫道,72,大国古风调 · 雄浑磅礴,中国大鼓 · 战马嘶鸣泛音 · 苍茫长风,山间清风 / 微风拂过,长城万里壮丽古风纯音、大鼓与弦乐、苍茫群山、雄浑大气、BPM 72、大国古风调 · 雄浑磅礴、山间清风 / 微风拂过、高清无损立体声,"cinematic ambient, grand mountain landscape, epic yet calm, airy bamboo flute, handpan, strings, ethereal atmosphere, instrumental, no vocals, 72 BPM, soft breeze, mountain wind ambience, pristine spatial reverb, emotional, cinematic travel vlog background music","Cinematic photography of Badaling Great Wall (八达岭长城 · 万里长城), 中国 · 北京市延庆区, breathtaking view, 国家5A级景区, 世界七大奇迹, 万里长城, 八达岭, 雄关漫道, golden hour lighting, atmospheric perspective, 8k resolution, photorealistic, masterpiece, depth of field",珠穆朗玛峰 · 世界之巅,GeoMelody AI · 中国,分类意境伴奏,suno_020_everest.mp3
99,westlake,杭州西湖 · 断桥残雪与苏堤春晓,Hangzhou West Lake,中国,中国 · 浙江杭州,120.1504,30.2428,宁静湖泊 / 高原圣湖,欲把西湖比西子，淡妆浓抹总相宜。断桥残雪、雷峰夕照、三潭印月，湖山掩映之中，流淌着千百年来最浪漫动人的江南诗篇。,国家5A级景区、世界文化遗产、断桥残雪、西湖十景、雷峰夕照,66,五声清羽调 · 钱塘韵,古筝 · 洞箫 · 细雨湖波 · 晚钟微鸣,烟雨滴檐 / 细雨淅淅,西湖断桥江南烟雨中国风、古筝独奏、轻柔舒缓、微风水波、静心治愈、BPM 66、五声清羽调 · 钱塘韵、烟雨滴檐 / 细雨淅淅、高清无损立体声,"crystal clear piano, ambient reverb pads, tranquil lake reflection, gentle acoustic strings, deep relaxation, 432hz, instrumental, no vocals, 66 BPM, gentle rain ambience, raindrops on roof, pristine spatial reverb, emotional, cinematic travel vlog background music","Cinematic photography of Hangzhou West Lake (杭州西湖 · 断桥残雪与苏堤春晓), 中国 · 浙江杭州, breathtaking view, 国家5A级景区, 世界文化遗产, 断桥残雪, 西湖十景, 雷峰夕照, golden hour lighting, atmospheric perspective, 8k resolution, photorealistic, masterpiece, depth of field",普利特维采湖群 · 欧洲十六湖,GeoMelody AI · 克罗地亚,分类意境伴奏,suno_045_plitvice.mp3
100,huangshan,安徽黄山 · 迎客松与云海奇观,Mount Huangshan,中国,中国 · 安徽黄山,118.1694,30.1319,名山胜岳 / 巍峨雪峰,五岳归来不看山，黄山归来不看岳。奇松、怪石、云海、温泉、冬雪五绝冠绝天下，破石而出的迎客松傲立悬崖，风骨绝伦。,国家5A级景区、世界文化与自然双遗产、迎客松、黄山云海、天下第一奇山,64,五声角调 · 云海仙境,古琴 · 竖琴泛音 · 崇山松风,山间清风 / 微风拂过,黄山云海仙侠意境纯乐、古琴独奏、松风阵阵、空灵超拔、东方美学、BPM 64、五声角调 · 云海仙境、山间清风 / 微风拂过、高清无损立体声,"cinematic ambient, grand mountain landscape, epic yet calm, airy bamboo flute, handpan, strings, ethereal atmosphere, instrumental, no vocals, 64 BPM, soft breeze, mountain wind ambience, pristine spatial reverb, emotional, cinematic travel vlog background music","Cinematic photography of Mount Huangshan (安徽黄山 · 迎客松与云海奇观), 中国 · 安徽黄山, breathtaking view, 国家5A级景区, 世界文化与自然双遗产, 迎客松, 黄山云海, 天下第一奇山, golden hour lighting, atmospheric perspective, 8k resolution, photorealistic, masterpiece, depth of field",珠穆朗玛峰 · 世界之巅,GeoMelody AI · 中国,分类意境伴奏,suno_020_everest.mp3
101,taishan,山东泰山 · 封禅极顶与日出东方,Mount Tai,中国,中国 · 山东泰安,117.106,36.255,名山胜岳 / 巍峨雪峰,五岳之首，天下第一山。登泰山而小天下，十八盘陡峭入云，玉皇顶云海日出染红万重山峰，承载着中华民族的精神图腾。,国家5A级景区、世界文化与自然双遗产、五岳独尊、十八盘、泰山日出,70,齐鲁大岳调 · 岱宗气象,大鼓泛音 · 编磬 · 朝阳长风,山间清风 / 微风拂过,泰山极顶日出壮阔乐章、东方古风、日出云海、恢弘沉稳、BPM 70、齐鲁大岳调 · 岱宗气象、山间清风 / 微风拂过、高清无损立体声,"cinematic ambient, grand mountain landscape, epic yet calm, airy bamboo flute, handpan, strings, ethereal atmosphere, instrumental, no vocals, 70 BPM, soft breeze, mountain wind ambience, pristine spatial reverb, emotional, cinematic travel vlog background music","Cinematic photography of Mount Tai (山东泰山 · 封禅极顶与日出东方), 中国 · 山东泰安, breathtaking view, 国家5A级景区, 世界文化与自然双遗产, 五岳独尊, 十八盘, 泰山日出, golden hour lighting, atmospheric perspective, 8k resolution, photorealistic, masterpiece, depth of field",珠穆朗玛峰 · 世界之巅,GeoMelody AI · 中国,分类意境伴奏,suno_020_everest.mp3
102,gulangyu,厦门鼓浪屿 · 日光岩与琴岛海韵,Gulangyu Island,中国,中国 · 福建厦门,118.0674,24.4485,海滨海岛 / 蔚蓝海域,海上花园，音乐之岛。日光岩顶俯瞰万国建筑红瓦绿树，菽庄花园听海浪拍击礁石，转角小巷里传来悠扬的钢琴与海风声。,国家5A级景区、世界文化遗产、钢琴之岛、日光岩、万国建筑,72,海滨大调 · 琴岛浪漫,钢琴 · 尤克里里 · 碧浪拍岸 · 海鸥啼鸣,环境声场,鼓浪屿海岛钢琴曲，海浪拍岸，海风拂面，轻快治愈，夏日浪漫、BPM 72、海滨大调 · 琴岛浪漫、环境声场、高清无损立体声,"tropical chillout, acoustic guitar, smooth piano, ukulele, ocean wave ambient, peaceful seaside sunset, warm breeze, instrumental, no vocals, 72 BPM, natural ambient soundscape, pristine spatial reverb, emotional, cinematic travel vlog background music","Cinematic photography of Gulangyu Island (厦门鼓浪屿 · 日光岩与琴岛海韵), 中国 · 福建厦门, breathtaking view, 国家5A级景区, 世界文化遗产, 钢琴之岛, 日光岩, 万国建筑, golden hour lighting, atmospheric perspective, 8k resolution, photorealistic, masterpiece, depth of field",稻城亚丁 · 仙乃日三神山,GeoMelody AI · 中国,分类意境伴奏,suno_017_yading.mp3
103,guilin,桂林漓江 · 象鼻山与二十元人民币胜景,Guilin Li River & Elephant Trunk Hill,中国,中国 · 广西桂林,110.298,25.2685,宁静湖泊 / 高原圣湖,桂林山水甲天下，阳朔堪称甲桂林。水绕青山山绕水，烟雨漓江之上，竹筏轻泛，渔舟唱晚，宛若行进在百里水墨画卷之中。,国家5A级景区、世界自然遗产、象鼻山、二十元背景图、漓江竹筏,66,五声羽调 · 漓江水韵,竹笛 · 芦笙 · 渔舟橹声 · 漓江清波,烟雨滴檐 / 细雨淅淅,桂林山水漓江竹筏水墨古风纯乐、竹笛与古筝、烟雨江南、水波荡漾、BPM 66、五声羽调 · 漓江水韵、烟雨滴檐 / 细雨淅淅、高清无损立体声,"crystal clear piano, ambient reverb pads, tranquil lake reflection, gentle acoustic strings, deep relaxation, 432hz, instrumental, no vocals, 66 BPM, gentle rain ambience, raindrops on roof, pristine spatial reverb, emotional, cinematic travel vlog background music","Cinematic photography of Guilin Li River & Elephant Trunk Hill (桂林漓江 · 象鼻山与二十元人民币胜景), 中国 · 广西桂林, breathtaking view, 国家5A级景区, 世界自然遗产, 象鼻山, 二十元背景图, 漓江竹筏, golden hour lighting, atmospheric perspective, 8k resolution, photorealistic, masterpiece, depth of field",普利特维采湖群 · 欧洲十六湖,GeoMelody AI · 克罗地亚,分类意境伴奏,suno_045_plitvice.mp3
104,wudang,湖北武当山 · 天柱峰绝顶金殿,Mount Wudang Golden Summit,中国,中国 · 湖北十堰,111,32.4,名山胜岳 / 巍峨雪峰,亘古无双胜境，天下第一仙山。道教圣地与太极故里，天柱峰顶铜铸鎏金大殿屹立六百年不坏，云海浩瀚，松风悠扬。,国家5A级景区、世界文化遗产、道教圣地、太极发源地、金顶云海,60,道家五声微音 · 太极清虚,古琴 · 埙 · 道观晨钟 · 仙山长风,古刹钟声 / 远山清钟,武当山太极道家仙韵纯乐、古琴独奏、晨钟暮鼓、空灵脱俗、静修养心、BPM 60、道家五声微音 · 太极清虚、古刹钟声 / 远山清钟、高清无损立体声,"cinematic ambient, grand mountain landscape, epic yet calm, airy bamboo flute, handpan, strings, ethereal atmosphere, instrumental, no vocals, 60 BPM, distant temple bell toll, meditation chime, pristine spatial reverb, emotional, cinematic travel vlog background music","Cinematic photography of Mount Wudang Golden Summit (湖北武当山 · 天柱峰绝顶金殿), 中国 · 湖北十堰, breathtaking view, 国家5A级景区, 世界文化遗产, 道教圣地, 太极发源地, 金顶云海, golden hour lighting, atmospheric perspective, 8k resolution, photorealistic, masterpiece, depth of field",涠洲岛 · 火山岩鳄鱼山,GeoMelody AI · 中国,分类意境伴奏,suno_025_weizhou.mp3
105,chaka,青海茶卡盐湖 · 天空之镜,Chaka Salt Lake,中国,中国 · 青海海西,99.076,36.6961,宁静湖泊 / 高原圣湖,中国的天空之镜。赤脚漫步在纯白如雪的盐晶湖面，水天一色，白云与雪山倒映在脚下，仿佛行走在天地间的纯净幻境。,国家5A级景区、天空之镜、盐湖小火车、水天一色、大美青海,64,天空之镜调 · 432Hz,清透钢琴 · 氛围合成器 · 高原微风,山间清风 / 微风拂过,茶卡盐湖天空之镜纯净钢琴曲、水天一色、空灵透彻、极简治愈、BPM 64、天空之镜调 · 432Hz、山间清风 / 微风拂过、高清无损立体声,"crystal clear piano, ambient reverb pads, tranquil lake reflection, gentle acoustic strings, deep relaxation, 432hz, instrumental, no vocals, 64 BPM, soft breeze, mountain wind ambience, pristine spatial reverb, emotional, cinematic travel vlog background music","Cinematic photography of Chaka Salt Lake (青海茶卡盐湖 · 天空之镜), 中国 · 青海海西, breathtaking view, 国家5A级景区, 天空之镜, 盐湖小火车, 水天一色, 大美青海, golden hour lighting, atmospheric perspective, 8k resolution, photorealistic, masterpiece, depth of field",普利特维采湖群 · 欧洲十六湖,GeoMelody AI · 克罗地亚,分类意境伴奏,suno_045_plitvice.mp3
106,sayram,新疆赛里木湖 · 大西洋最后一滴眼泪,Sayram Lake,中国,中国 · 新疆博尔塔拉,81.1667,44.6,宁静湖泊 / 高原圣湖,大西洋暖湿气流最后眷顾的高山明珠。湛蓝如宝石的湖水拍击着草甸，远处天山雪峰傲立，初夏时节漫山野花盛放，宛若人间净土。,国家5A级景区、大西洋最后一滴眼泪、高山冷水湖、果子沟大桥、天山明珠,68,西域风雅调 · 纯蓝之境,冬不拉 · 木吉他 · 湖浪拍岸 · 高原清风,环境声场,赛里木湖湛蓝湖水抒情乐章、冬不拉与木吉他、辽阔大美新疆、纯净安详、BPM 68、西域风雅调 · 纯蓝之境、环境声场、高清无损立体声,"crystal clear piano, ambient reverb pads, tranquil lake reflection, gentle acoustic strings, deep relaxation, 432hz, instrumental, no vocals, 68 BPM, natural ambient soundscape, pristine spatial reverb, emotional, cinematic travel vlog background music","Cinematic photography of Sayram Lake (新疆赛里木湖 · 大西洋最后一滴眼泪), 中国 · 新疆博尔塔拉, breathtaking view, 国家5A级景区, 大西洋最后一滴眼泪, 高山冷水湖, 果子沟大桥, 天山明珠, golden hour lighting, atmospheric perspective, 8k resolution, photorealistic, masterpiece, depth of field",普利特维采湖群 · 欧洲十六湖,GeoMelody AI · 克罗地亚,分类意境伴奏,suno_045_plitvice.mp3
107,kanas,新疆喀纳斯 · 神的花园与月亮湾,Kanas Lake & Moon Bay,中国,中国 · 新疆阿勒泰,87.038,48.718,幽深森林 / 自然秘境,阿尔泰山深处的人间仙境。月亮湾如一弯翡翠镶嵌在金色白桦林中，晨雾蒸腾，图瓦人木屋炊烟袅袅，宛若童话世界。,国家5A级景区、国家地质公园、月亮湾、白哈巴村、秋日童话,65,阿尔泰图瓦调 · 晨雾林海,苏尔管 · 马头琴 · 喀纳斯水流声,山间清风 / 微风拂过,喀纳斯秋日森林纯乐、苏尔管与马头琴、图瓦村落、晨雾弥漫、治愈悠扬、BPM 65、阿尔泰图瓦调 · 晨雾林海、山间清风 / 微风拂过、高清无损立体声,"healing nature ambient, acoustic guitar fingerstyle, bird song, wind chimes, lush green forest, zen meditation, instrumental, no vocals, 65 BPM, soft breeze, mountain wind ambience, pristine spatial reverb, emotional, cinematic travel vlog background music","Cinematic photography of Kanas Lake & Moon Bay (新疆喀纳斯 · 神的花园与月亮湾), 中国 · 新疆阿勒泰, breathtaking view, 国家5A级景区, 国家地质公园, 月亮湾, 白哈巴村, 秋日童话, golden hour lighting, atmospheric perspective, 8k resolution, photorealistic, masterpiece, depth of field",九寨沟 · 五彩童话森林,GeoMelody AI · 中国,分类意境伴奏,suno_039_jiuzhaigou.mp3
108,zhangye,甘肃张掖七彩丹霞 · 上帝打翻的调色盘,Zhangye Rainbow Danxia,中国,中国 · 甘肃张掖,100.1417,38.975,浩瀚大漠 / 丝路遗迹,大自然最浓墨重彩的奇迹。红、黄、橙、绿、白各色岩层在夕阳照耀下层峦叠嶂，如锦绣彩绸披覆在祁连山麓之间。,国家5A级景区、世界地质公园、七彩丹霞、丝绸之路、丹霞奇观,72,丝路古调 · 七彩壮美,琵琶轮指 · 箫 · 戈壁热风,山间清风 / 微风拂过,张掖七彩丹霞丝路古风纯乐、琵琶与大漠长风、壮丽晚霞、色彩斑斓、BPM 72、丝路古调 · 七彩壮美、山间清风 / 微风拂过、高清无损立体声,"silk road world music, oud, duduk, middle eastern hand percussion, desert wind, mysterious, atmospheric journey, instrumental, no vocals, 72 BPM, soft breeze, mountain wind ambience, pristine spatial reverb, emotional, cinematic travel vlog background music","Cinematic photography of Zhangye Rainbow Danxia (甘肃张掖七彩丹霞 · 上帝打翻的调色盘), 中国 · 甘肃张掖, breathtaking view, 国家5A级景区, 世界地质公园, 七彩丹霞, 丝绸之路, 丹霞奇观, golden hour lighting, atmospheric perspective, 8k resolution, photorealistic, masterpiece, depth of field",冈仁波齐 · 万山之祖,GeoMelody AI · 中国,分类意境伴奏,suno_016_kailash.mp3
109,potala,西藏拉萨布达拉宫 · 雪域圣殿,Lhasa Potala Palace,中国,中国 · 西藏拉萨,91.1172,29.6578,名山胜岳 / 巍峨雪峰,世界上海拔最高的古代宫堡建筑群。红白相间的宫殿巍峨耸立在红山之巅，金顶在雪域高原阳光下熠熠生辉，经筒转动，信仰永恒。,国家5A级景区、世界文化遗产、雪域圣殿、拉萨地标、布达拉宫金顶,60,藏地圣乐调 · 432Hz,铜钦法号 · 诵经泛音 · 藏族弦子 · 高原长风,古刹钟声 / 远山清钟,布达拉宫雪域神圣纯音乐、藏族弦子与铜钦、庄严静谧、洗涤心灵、BPM 60、藏地圣乐调 · 432Hz、古刹钟声 / 远山清钟、高清无损立体声,"cinematic ambient, grand mountain landscape, epic yet calm, airy bamboo flute, handpan, strings, ethereal atmosphere, instrumental, no vocals, 60 BPM, distant temple bell toll, meditation chime, pristine spatial reverb, emotional, cinematic travel vlog background music","Cinematic photography of Lhasa Potala Palace (西藏拉萨布达拉宫 · 雪域圣殿), 中国 · 西藏拉萨, breathtaking view, 国家5A级景区, 世界文化遗产, 雪域圣殿, 拉萨地标, 布达拉宫金顶, golden hour lighting, atmospheric perspective, 8k resolution, photorealistic, masterpiece, depth of field",珠穆朗玛峰 · 世界之巅,GeoMelody AI · 中国,分类意境伴奏,suno_020_everest.mp3
110,pudacuo,香格里拉普达措国家公园 · 碧塔海与属都湖,Shangri-La Pudacuo National Park,中国,中国 · 云南迪庆,99.988,27.8285,幽深森林 / 自然秘境,大陆首个国家公园。原始高山针叶林环抱着如镜湖泊，杜鹃花海与水草草甸相映生辉，黑颈鹤与野鸭自在游弋，心中永恒的香格里拉。,国家5A级景区、国家公园、碧塔海、属都湖、香格里拉秘境,65,高原森林调 · 纯净生灵,木吉他 · 藏笛 · 鸟鸣幽谷 · 湖水涟漪,晨曦鸟鸣 / 空山鸟语,香格里拉普达措高山森林纯音、木吉他与清脆鸟鸣、原始森林、纯净治愈、BPM 65、高原森林调 · 纯净生灵、晨曦鸟鸣 / 空山鸟语、高清无损立体声,"healing nature ambient, acoustic guitar fingerstyle, bird song, wind chimes, lush green forest, zen meditation, instrumental, no vocals, 65 BPM, morning bird singing, forest birds chirp, pristine spatial reverb, emotional, cinematic travel vlog background music","Cinematic photography of Shangri-La Pudacuo National Park (香格里拉普达措国家公园 · 碧塔海与属都湖), 中国 · 云南迪庆, breathtaking view, 国家5A级景区, 国家公园, 碧塔海, 属都湖, 香格里拉秘境, golden hour lighting, atmospheric perspective, 8k resolution, photorealistic, masterpiece, depth of field",九寨沟 · 五彩童话森林,GeoMelody AI · 中国,分类意境伴奏,suno_039_jiuzhaigou.mp3
111,wuzhizhou,三亚蜈支洲岛 · 中国马尔代夫,Wuzhizhou Island Sanya,中国,中国 · 海南三亚,109.76,18.315,海滨海岛 / 蔚蓝海域,中国第一潜水胜地。海水清澈透明达27米，情人桥远眺碧海蓝天，热带珊瑚礁鱼群嬉戏穿梭，椰影婆娑，海风沉醉。,国家5A级景区、海岛度假、潜水胜地、情人桥、热带风情,76,热带海岛大调 · 阳光假期,尤克里里 · 钢鼓 · 蔚蓝浪花,环境声场,三亚蜈支洲岛热带阳光海浪音乐、尤克里里与海浪声、清爽快乐、度假放松、BPM 76、热带海岛大调 · 阳光假期、环境声场、高清无损立体声,"tropical chillout, acoustic guitar, smooth piano, ukulele, ocean wave ambient, peaceful seaside sunset, warm breeze, instrumental, no vocals, 76 BPM, natural ambient soundscape, pristine spatial reverb, emotional, cinematic travel vlog background music","Cinematic photography of Wuzhizhou Island Sanya (三亚蜈支洲岛 · 中国马尔代夫), 中国 · 海南三亚, breathtaking view, 国家5A级景区, 海岛度假, 潜水胜地, 情人桥, 热带风情, golden hour lighting, atmospheric perspective, 8k resolution, photorealistic, masterpiece, depth of field",马尔代夫 · 蓝色环礁,GeoMelody AI · 马尔代夫,分类意境伴奏,suno_026_maldives.mp3
112,qiandaohu,浙江千岛湖 · 碧水千岛奇观,Qiandao Lake Thousand Island,中国,中国 · 浙江杭州淳安,119.043,29.606,宁静湖泊 / 高原圣湖,天下第一秀水。1078座翠绿岛屿宛若珍珠散落在碧波万顷的湖面之上，水质清洌见底，游船划破平静水面，画中游历。,国家5A级景区、天下第一秀水、千岛奇观、梅峰揽胜、山水画廊,68,江南秀水调 · 432Hz,古筝 · 竹笛 · 碧波微澜,烟雨滴檐 / 细雨淅淅,千岛湖碧波千岛中国风轻音乐、竹笛与古筝、水清秀美、心旷神怡、BPM 68、江南秀水调 · 432Hz、烟雨滴檐 / 细雨淅淅、高清无损立体声,"crystal clear piano, ambient reverb pads, tranquil lake reflection, gentle acoustic strings, deep relaxation, 432hz, instrumental, no vocals, 68 BPM, gentle rain ambience, raindrops on roof, pristine spatial reverb, emotional, cinematic travel vlog background music","Cinematic photography of Qiandao Lake Thousand Island (浙江千岛湖 · 碧水千岛奇观), 中国 · 浙江杭州淳安, breathtaking view, 国家5A级景区, 天下第一秀水, 千岛奇观, 梅峰揽胜, 山水画廊, golden hour lighting, atmospheric perspective, 8k resolution, photorealistic, masterpiece, depth of field",普利特维采湖群 · 欧洲十六湖,GeoMelody AI · 克罗地亚,分类意境伴奏,suno_045_plitvice.mp3
113,zhuozhengyuan,苏州拙政园 · 江南古典园林之母,Humble Administrator’s Garden Suzhou,中国,中国 · 江苏苏州,120.627,31.325,古镇水乡 / 历史村落,中国四大名园之首。借景有方，咫尺之内再造乾坤。远香堂倚荷听风，三十六鸳鸯馆倒影浮光，吴侬软语在回廊水榭间低回流转。,国家5A级景区、世界文化遗产、四大名园、拙政园、东方园林美学,65,苏派昆曲调 · 雅致留白,昆笛 · 琵琶 · 假山飞瀑滴水,烟雨滴檐 / 细雨淅淅,苏州园林古典雅乐纯音、昆笛与琵琶、亭台楼阁、江南雅致、回味悠长、BPM 65、苏派昆曲调 · 雅致留白、烟雨滴檐 / 细雨淅淅、高清无损立体声,"traditional oriental acoustic folk, guzheng, bamboo flute, acoustic guitar, peaceful water town vibe, relaxing, serene, instrumental, no vocals, 65 BPM, gentle rain ambience, raindrops on roof, pristine spatial reverb, emotional, cinematic travel vlog background music","Cinematic photography of Humble Administrator’s Garden Suzhou (苏州拙政园 · 江南古典园林之母), 中国 · 江苏苏州, breathtaking view, 国家5A级景区, 世界文化遗产, 四大名园, 拙政园, 东方园林美学, golden hour lighting, atmospheric perspective, 8k resolution, photorealistic, masterpiece, depth of field",乌镇水乡,GeoMelody AI · 中国,分类意境伴奏,suno_001_wuzhen.mp3
114,fuzimiao,南京夫子庙 · 秦淮河风光带,Nanjing Qinhuai River & Confucius Temple,中国,中国 · 江苏南京,118.788,32.02,都会风情 / 人文地标,六朝金粉地，十里秦淮河。画舫凌波穿过文德桥，大成殿孔庙庄严，两岸雕梁画栋灯火辉煌，诉说着金陵千年文脉与六朝繁华。,国家5A级景区、十里秦淮、夫子庙、六朝古都、夜游画舫,72,金陵华灯调 · 诗意夜色,二胡 · 琵琶 · 秦淮河水声,烟雨滴檐 / 细雨淅淅,南京十里秦淮夜色国风纯乐、二胡与琵琶、画舫灯影、六朝烟雨、繁华与温婉、BPM 72、金陵华灯调 · 诗意夜色、烟雨滴檐 / 细雨淅淅、高清无损立体声,"lo-fi chillhop, jazzy piano chords, mellow synth pads, urban coffee shop vibe, nostalgic, smooth groove, instrumental, no vocals, 72 BPM, gentle rain ambience, raindrops on roof, pristine spatial reverb, emotional, cinematic travel vlog background music","Cinematic photography of Nanjing Qinhuai River & Confucius Temple (南京夫子庙 · 秦淮河风光带), 中国 · 江苏南京, breathtaking view, 国家5A级景区, 十里秦淮, 夫子庙, 六朝古都, 夜游画舫, golden hour lighting, atmospheric perspective, 8k resolution, photorealistic, masterpiece, depth of field",仙本那 · 玻璃海与巴瑶水上屋,GeoMelody AI · 马来西亚,分类意境伴奏,suno_029_semporna.mp3
115,eiffeltower,法国巴黎 · 埃菲尔铁塔与战神广场,Paris Eiffel Tower & Champ de Mars,法国,法国 · 巴黎第七区,2.2945,48.8584,都会风情 / 人文地标,浪漫之都的永恒象征。钢铁巨塔拔地而起，每当夜幕降临，两万盏闪光灯点亮塞纳河畔的夜空，流淌着法兰西的优雅与深情。,世界文化遗产、巴黎地标、浪漫之都、塞纳河畔、铁塔夜景,76,Parisian Chanson · C Major,手风琴 · 爵士吉他 · 塞纳河微风,山间清风 / 微风拂过,巴黎塞纳河手风琴香颂纯音乐、法式浪漫、夜色微光、优雅治愈、BPM 76、Parisian Chanson · C Major、山间清风 / 微风拂过、高清无损立体声,"lo-fi chillhop, jazzy piano chords, mellow synth pads, urban coffee shop vibe, nostalgic, smooth groove, instrumental, no vocals, 76 BPM, soft breeze, mountain wind ambience, pristine spatial reverb, emotional, cinematic travel vlog background music","Cinematic photography of Paris Eiffel Tower & Champ de Mars (法国巴黎 · 埃菲尔铁塔与战神广场), 法国 · 巴黎第七区, breathtaking view, 世界文化遗产, 巴黎地标, 浪漫之都, 塞纳河畔, 铁塔夜景, golden hour lighting, atmospheric perspective, 8k resolution, photorealistic, masterpiece, depth of field",上海外滩 · 浦江陆家嘴,GeoMelody AI · 中国,分类意境伴奏,suno_046_shanghai.mp3
116,louvremuseum,法国巴黎 · 卢浮宫与玻璃金字塔,Louvre Museum & Glass Pyramid,法国,法国 · 巴黎第一区,2.3376,48.8606,都会风情 / 人文地标,世界四大历史博物馆之首。贝聿铭设计的玻璃金字塔倒映在拿破仑广场水池中，蒙娜丽莎与胜利女神在此沉淀人类千年的艺术巅峰。,世界四大博物馆、贝聿铭金字塔、蒙娜丽莎、艺术殿堂、古典建筑,70,Baroque Chamber · G Minor,大提琴 · 竖琴泛音 · 宫廷回廊回音,古刹钟声 / 远山清钟,卢浮宫古典室内交响乐、大提琴独奏与竖琴、庄重优雅、艺术沉淀、BPM 70、Baroque Chamber · G Minor、古刹钟声 / 远山清钟、高清无损立体声,"lo-fi chillhop, jazzy piano chords, mellow synth pads, urban coffee shop vibe, nostalgic, smooth groove, instrumental, no vocals, 70 BPM, distant temple bell toll, meditation chime, pristine spatial reverb, emotional, cinematic travel vlog background music","Cinematic photography of Louvre Museum & Glass Pyramid (法国巴黎 · 卢浮宫与玻璃金字塔), 法国 · 巴黎第一区, breathtaking view, 世界四大博物馆, 贝聿铭金字塔, 蒙娜丽莎, 艺术殿堂, 古典建筑, golden hour lighting, atmospheric perspective, 8k resolution, photorealistic, masterpiece, depth of field",法国巴黎 · 卢浮宫与玻璃金字塔,GeoMelody AI · 法国,专属定制曲目,suno_116_louvremuseum.mp3
117,rome_colosseum,意大利罗马 · 斗兽场与古罗马遗迹,Rome Colosseum & Roman Forum,意大利,意大利 · 拉齐奥大区罗马,12.4922,41.8902,都会风情 / 人文地标,永恒之城的千年见证。宏伟的拱门弧壁在落日余晖中投下深邃阴影，石柱与雕刻诉说着古罗马帝国的辉煌历史与沧桑变迁。,世界新七大奇迹、世界文化遗产、永恒之城、古罗马帝国、古典建筑史诗,68,Classical Roman Epic · D Minor,古典木管 · 弦乐四重奏 · 历史回响,山间清风 / 微风拂过,古罗马斗兽场交响弦乐、史诗沧桑感、夕阳古迹、厚重悠扬、BPM 68、Classical Roman Epic · D Minor、山间清风 / 微风拂过、高清无损立体声,"lo-fi chillhop, jazzy piano chords, mellow synth pads, urban coffee shop vibe, nostalgic, smooth groove, instrumental, no vocals, 68 BPM, soft breeze, mountain wind ambience, pristine spatial reverb, emotional, cinematic travel vlog background music","Cinematic photography of Rome Colosseum & Roman Forum (意大利罗马 · 斗兽场与古罗马遗迹), 意大利 · 拉齐奥大区罗马, breathtaking view, 世界新七大奇迹, 世界文化遗产, 永恒之城, 古罗马帝国, 古典建筑史诗, golden hour lighting, atmospheric perspective, 8k resolution, photorealistic, masterpiece, depth of field",梅里雪山 · 卡瓦格博,GeoMelody AI · 中国,分类意境伴奏,suno_014_meili.mp3
118,venice_stmarks,意大利威尼斯 · 圣马可广场与大运河贡多拉,Venice Grand Canal & St. Mark’s Square,意大利,意大利 · 威尼托大区威尼斯,12.3388,45.4342,古镇水乡 / 历史村落,亚得里亚海的水上明珠。贡多拉小船穿行在数百座石桥与水巷之间，圣马可大教堂金碧辉煌，水波荡漾着水上之都的梦幻诗篇。,世界文化遗产、水上之城、贡多拉水巷、叹息桥、圣马可广场,65,Venetian Barcarolle · 432Hz,曼陀林 · 手风琴 · 运河摇橹波光,环境声场,威尼斯水城船歌纯音乐、曼陀林与手风琴、水巷波光、浪漫悠然、BPM 65、Venetian Barcarolle · 432Hz、环境声场、高清无损立体声,"traditional oriental acoustic folk, guzheng, bamboo flute, acoustic guitar, peaceful water town vibe, relaxing, serene, instrumental, no vocals, 65 BPM, natural ambient soundscape, pristine spatial reverb, emotional, cinematic travel vlog background music","Cinematic photography of Venice Grand Canal & St. Mark’s Square (意大利威尼斯 · 圣马可广场与大运河贡多拉), 意大利 · 威尼托大区威尼斯, breathtaking view, 世界文化遗产, 水上之城, 贡多拉水巷, 叹息桥, 圣马可广场, golden hour lighting, atmospheric perspective, 8k resolution, photorealistic, masterpiece, depth of field",乌镇水乡,GeoMelody AI · 中国,分类意境伴奏,suno_001_wuzhen.mp3
119,neuschwanstein,德国新天鹅堡 · 阿尔卑斯童话城堡,Neuschwanstein Castle Bavaria,德国,德国 · 巴伐利亚州富森,10.7498,47.5576,名山胜岳 / 巍峨雪峰,迪士尼城堡的灵感原型。白色尖塔耸立在阿尔卑斯翠绿峡谷之巅，云雾缭绕宛若梦幻仙境，寄托着路德维希二世的浪漫幻想。,童话城堡原型、巴伐利亚仙境、阿尔卑斯山脉、路德维希二世、梦幻建筑,66,Romantic Fairy Symphony · A Major,圆号 · 竖琴 · 森林清泉鸟鸣,晨曦鸟鸣 / 空山鸟语,新天鹅堡童话交响纯乐、竖琴与管乐、梦幻森林城堡、纯净高雅、BPM 66、Romantic Fairy Symphony · A Major、晨曦鸟鸣 / 空山鸟语、高清无损立体声,"cinematic ambient, grand mountain landscape, epic yet calm, airy bamboo flute, handpan, strings, ethereal atmosphere, instrumental, no vocals, 66 BPM, morning bird singing, forest birds chirp, pristine spatial reverb, emotional, cinematic travel vlog background music","Cinematic photography of Neuschwanstein Castle Bavaria (德国新天鹅堡 · 阿尔卑斯童话城堡), 德国 · 巴伐利亚州富森, breathtaking view, 童话城堡原型, 巴伐利亚仙境, 阿尔卑斯山脉, 路德维希二世, 梦幻建筑, golden hour lighting, atmospheric perspective, 8k resolution, photorealistic, masterpiece, depth of field",珠穆朗玛峰 · 世界之巅,GeoMelody AI · 中国,分类意境伴奏,suno_020_everest.mp3
120,sagradafamilia,西班牙巴塞罗那 · 圣家堂,Barcelona Sagrada Família,西班牙,西班牙 · 加泰罗尼亚巴塞罗那,2.1744,41.4036,都会风情 / 人文地标,建筑鬼才高迪的未完史诗。森林般升腾的立柱，五彩斑斓的花窗将地中海阳光化作彩虹倾泻而下，人类向自然与上帝致敬的极致艺术。,世界文化遗产、高迪建筑杰作、光影森林、巴塞罗那地标、现代主义建筑,72,Spanish Classical Guitar · E Minor,西班牙古典吉他 · 管风琴微音 · 彩窗光芒,古刹钟声 / 远山清钟,圣家堂西班牙古典吉他纯音乐、光影斑斓、崇高灵性、悠扬深邃、BPM 72、Spanish Classical Guitar · E Minor、古刹钟声 / 远山清钟、高清无损立体声,"lo-fi chillhop, jazzy piano chords, mellow synth pads, urban coffee shop vibe, nostalgic, smooth groove, instrumental, no vocals, 72 BPM, distant temple bell toll, meditation chime, pristine spatial reverb, emotional, cinematic travel vlog background music","Cinematic photography of Barcelona Sagrada Família (西班牙巴塞罗那 · 圣家堂), 西班牙 · 加泰罗尼亚巴塞罗那, breathtaking view, 世界文化遗产, 高迪建筑杰作, 光影森林, 巴塞罗那地标, 现代主义建筑, golden hour lighting, atmospheric perspective, 8k resolution, photorealistic, masterpiece, depth of field",瓦迪拉姆 · 月亮峡谷,GeoMelody AI · 约旦,分类意境伴奏,suno_037_wadirum.mp3
121,acropolis_athens,希腊雅典卫城 · 帕特农神庙,Athens Acropolis & Parthenon,希腊,希腊 · 阿提卡大区雅典,23.7257,37.9715,都会风情 / 人文地标,西方文明与民主思想的摇篮。高耸的多立克柱矗立在爱琴海的蓝天之下，夕阳洒在两千五百年的白色大理石上，闪烁着智慧之光。,世界文化遗产、西方文明发源地、帕特农神庙、雅典卫城、爱琴海微风,68,Ancient Greek Harmony · D Major,里拉琴音色 · 长笛 · 爱琴海长风,山间清风 / 微风拂过,雅典卫城古希腊里拉琴风情纯乐、爱琴海蓝天、古代神庙、清澈辽远、BPM 68、Ancient Greek Harmony · D Major、山间清风 / 微风拂过、高清无损立体声,"lo-fi chillhop, jazzy piano chords, mellow synth pads, urban coffee shop vibe, nostalgic, smooth groove, instrumental, no vocals, 68 BPM, soft breeze, mountain wind ambience, pristine spatial reverb, emotional, cinematic travel vlog background music","Cinematic photography of Athens Acropolis & Parthenon (希腊雅典卫城 · 帕特农神庙), 希腊 · 阿提卡大区雅典, breathtaking view, 世界文化遗产, 西方文明发源地, 帕特农神庙, 雅典卫城, 爱琴海微风, golden hour lighting, atmospheric perspective, 8k resolution, photorealistic, masterpiece, depth of field",库木塔格沙漠 · 城中沙山,GeoMelody AI · 中国,分类意境伴奏,suno_034_kumtag.mp3
122,iceland_bluelagoon,冰岛 · 蓝湖地热温泉与黄金圈瀑布,Iceland Blue Lagoon & Gullfoss,冰岛,冰岛 · 格林达维克,-22.4495,63.8804,宁静湖泊 / 高原圣湖,冰与火之歌的世界尽头。奶蓝色的地热温泉在黑色熔岩中升腾着温暖白雾，冬夜仰望苍穹，绿色欧若拉极光在极夜中跳动起舞。,世界地质奇观、极光秘境、冰与火之国、蓝湖温泉、地球尽头,58,Nordic Aurora Ambient · 432Hz,极光合成器 · 空灵钢琴 · 冰川风声,山间清风 / 微风拂过,冰岛极光与蓝湖空灵氛围音乐、北欧极简钢琴、冰与火、冥想治愈、BPM 58、Nordic Aurora Ambient · 432Hz、山间清风 / 微风拂过、高清无损立体声,"crystal clear piano, ambient reverb pads, tranquil lake reflection, gentle acoustic strings, deep relaxation, 432hz, instrumental, no vocals, 58 BPM, soft breeze, mountain wind ambience, pristine spatial reverb, emotional, cinematic travel vlog background music","Cinematic photography of Iceland Blue Lagoon & Gullfoss (冰岛 · 蓝湖地热温泉与黄金圈瀑布), 冰岛 · 格林达维克, breathtaking view, 世界地质奇观, 极光秘境, 冰与火之国, 蓝湖温泉, 地球尽头, golden hour lighting, atmospheric perspective, 8k resolution, photorealistic, masterpiece, depth of field",普利特维采湖群 · 欧洲十六湖,GeoMelody AI · 克罗地亚,分类意境伴奏,suno_045_plitvice.mp3
123,statueofliberty,美国纽约 · 自由女神像与曼哈顿天际线,New York Statue of Liberty & Manhattan Skyline,美国,美国 · 纽约州纽约市,-74.0445,40.6892,都会风情 / 人文地标,世界大都会的无眠心跳。自由女神手擎火炬守望哈德逊河口，帝国大厦与华尔街摩天大楼森林在夕阳与夜色中璀璨生辉。,世界文化遗产、自由女神像、曼哈顿天际线、纽约地标、时代广场,88,New York Jazz Soul · F Major,萨克斯风 · 爵士钢琴 · 城市夜景节拍,山间清风 / 微风拂过,纽约曼哈顿夜景爵士萨克斯纯乐、都市天际线、摩登节奏、慵懒沉醉、BPM 88、New York Jazz Soul · F Major、山间清风 / 微风拂过、高清无损立体声,"lo-fi chillhop, jazzy piano chords, mellow synth pads, urban coffee shop vibe, nostalgic, smooth groove, instrumental, no vocals, 88 BPM, soft breeze, mountain wind ambience, pristine spatial reverb, emotional, cinematic travel vlog background music","Cinematic photography of New York Statue of Liberty & Manhattan Skyline (美国纽约 · 自由女神像与曼哈顿天际线), 美国 · 纽约州纽约市, breathtaking view, 世界文化遗产, 自由女神像, 曼哈顿天际线, 纽约地标, 时代广场, golden hour lighting, atmospheric perspective, 8k resolution, photorealistic, masterpiece, depth of field",张家界 · 悬浮天子山,GeoMelody AI · 中国,分类意境伴奏,suno_038_zhangjiajie.mp3
124,machupicchu,秘鲁 · 马丘比丘印加天空之城,Machu Picchu Inca Citadel,秘鲁,秘鲁 · 库斯科大区,-72.545,-13.1631,名山胜岳 / 巍峨雪峰,安第斯山脉高耸山脊上的失落之城。梯田与巨石神庙在晨雾中若隐若现，羊驼在太阳门前悠闲漫步，人类与高原云海的永恒对话。,世界新七大奇迹、世界文化与自然双遗产、印加帝国、天空之城、安第斯山脉,66,Andean Folk · G Major,排箫 · 恰朗哥琴 · 安第斯山鹰呼啸,山间清风 / 微风拂过,马丘比丘安第斯排箫印加风情纯乐、高山云海、雄鹰翱翔、神秘辽阔、BPM 66、Andean Folk · G Major、山间清风 / 微风拂过、高清无损立体声,"cinematic ambient, grand mountain landscape, epic yet calm, airy bamboo flute, handpan, strings, ethereal atmosphere, instrumental, no vocals, 66 BPM, soft breeze, mountain wind ambience, pristine spatial reverb, emotional, cinematic travel vlog background music","Cinematic photography of Machu Picchu Inca Citadel (秘鲁 · 马丘比丘印加天空之城), 秘鲁 · 库斯科大区, breathtaking view, 世界新七大奇迹, 世界文化与自然双遗产, 印加帝国, 天空之城, 安第斯山脉, golden hour lighting, atmospheric perspective, 8k resolution, photorealistic, masterpiece, depth of field",珠穆朗玛峰 · 世界之巅,GeoMelody AI · 中国,分类意境伴奏,suno_020_everest.mp3
125,christredeemer,巴西里约热内卢 · 耶稣山基督像,Rio de Janeiro Christ the Redeemer,巴西,巴西 · 里约热内卢州,-43.2105,-22.9519,名山胜岳 / 巍峨雪峰,七百米驼背山顶张开双臂守护全城的巨型雕像。俯瞰科帕卡巴纳海滩与糖面包山，大西洋的海风吹拂着热带桑巴的奔放与包容。,世界新七大奇迹、里约地标、驼背山、桑巴之城、大西洋海湾,82,Bossa Nova Sunset · D Major,波萨诺瓦尼龙吉他 · 沙锤 · 海湾落日浪涛,环境声场,里约热内卢波萨诺瓦轻柔吉他纯乐、海湾落日、热带温暖、松弛惬意、BPM 82、Bossa Nova Sunset · D Major、环境声场、高清无损立体声,"cinematic ambient, grand mountain landscape, epic yet calm, airy bamboo flute, handpan, strings, ethereal atmosphere, instrumental, no vocals, 82 BPM, natural ambient soundscape, pristine spatial reverb, emotional, cinematic travel vlog background music","Cinematic photography of Rio de Janeiro Christ the Redeemer (巴西里约热内卢 · 耶稣山基督像), 巴西 · 里约热内卢州, breathtaking view, 世界新七大奇迹, 里约地标, 驼背山, 桑巴之城, 大西洋海湾, golden hour lighting, atmospheric perspective, 8k resolution, photorealistic, masterpiece, depth of field",珠穆朗玛峰 · 世界之巅,GeoMelody AI · 中国,分类意境伴奏,suno_020_everest.mp3
126,salardeuyuni,玻利维亚 · 乌尤尼盐沼天空之镜,Salar de Uyuni Sky Mirror,玻利维亚,玻利维亚 · 波托西省,-67.4891,-20.1338,宁静湖泊 / 高原圣湖,世界最大的盐沼，一万平方公里的绝对平坦。雨季时浅水覆盖形成无边无际的倒影，昼见纯白天穹，夜卧漫天银河，如同漫步星际。,世界最大盐沼、天空之镜、银河倒影、仙人掌岛、纯净奇迹,60,Cosmic Mirror Harmony · 432Hz,氛围电钢琴 · 星空泛音 · 辽阔微风,山间清风 / 微风拂过,乌尤尼盐沼天空之镜空灵音乐、星空倒影、极简钢琴、水天相接、洗涤心灵、BPM 60、Cosmic Mirror Harmony · 432Hz、山间清风 / 微风拂过、高清无损立体声,"crystal clear piano, ambient reverb pads, tranquil lake reflection, gentle acoustic strings, deep relaxation, 432hz, instrumental, no vocals, 60 BPM, soft breeze, mountain wind ambience, pristine spatial reverb, emotional, cinematic travel vlog background music","Cinematic photography of Salar de Uyuni Sky Mirror (玻利维亚 · 乌尤尼盐沼天空之镜), 玻利维亚 · 波托西省, breathtaking view, 世界最大盐沼, 天空之镜, 银河倒影, 仙人掌岛, 纯净奇迹, golden hour lighting, atmospheric perspective, 8k resolution, photorealistic, masterpiece, depth of field",玻利维亚 · 乌尤尼盐沼天空之镜,GeoMelody AI · 玻利维亚,专属定制曲目,suno_126_salardeuyuni.mp3
127,pyramids_giza,埃及开罗 · 吉萨金字塔群与狮身人面像,Giza Pyramids & Great Sphinx,埃及,埃及 · 吉萨省开罗近郊,31.1342,29.9792,浩瀚大漠 / 丝路遗迹,古代世界七大奇迹仅存的丰碑。胡夫金字塔巍然耸立在撒哈拉黄沙之中四千五百年，狮身人面像默默凝望尼罗河的晨曦与落日。,世界古代七大奇迹、世界文化遗产、胡夫金字塔、狮身人面像、尼罗河古文明,65,Ancient Egyptian Scale · G Minor,乌德琴 · 纳伊笛 · 撒哈拉长风,山间清风 / 微风拂过,埃及金字塔古埃及风情纯音乐、乌德琴与纳伊笛、沙漠夕阳、沧桑神秘、BPM 65、Ancient Egyptian Scale · G Minor、山间清风 / 微风拂过、高清无损立体声,"silk road world music, oud, duduk, middle eastern hand percussion, desert wind, mysterious, atmospheric journey, instrumental, no vocals, 65 BPM, soft breeze, mountain wind ambience, pristine spatial reverb, emotional, cinematic travel vlog background music","Cinematic photography of Giza Pyramids & Great Sphinx (埃及开罗 · 吉萨金字塔群与狮身人面像), 埃及 · 吉萨省开罗近郊, breathtaking view, 世界古代七大奇迹, 世界文化遗产, 胡夫金字塔, 狮身人面像, 尼罗河古文明, golden hour lighting, atmospheric perspective, 8k resolution, photorealistic, masterpiece, depth of field",撒哈拉沙漠 · 星空之夜,GeoMelody AI · 摩洛哥,分类意境伴奏,suno_035_sahara.mp3
128,tajmahal,印度阿格拉 · 泰姬陵,Taj Mahal Agra,印度,印度 · 北方邦阿格拉,78.0421,27.1751,古镇水乡 / 历史村落,大理石雕琢的永恒泪珠。纯白大理石圆顶倒映在亚穆纳河畔的莲花池中，精美绝伦的宝石镶嵌，诉说着沙贾汗对爱妃的旷世绝恋。,世界新七大奇迹、世界文化遗产、纯白大理石、旷世绝恋、莫卧儿艺术巅峰,68,Indian Raga Romance · C Major,西塔琴 · 塔布拉鼓微音 · 水池涟漪,山间清风 / 微风拂过,泰姬陵印度古典西塔琴纯音乐、纯白大理石倒影、深情悠扬、宁静圣洁、BPM 68、Indian Raga Romance · C Major、山间清风 / 微风拂过、高清无损立体声,"traditional oriental acoustic folk, guzheng, bamboo flute, acoustic guitar, peaceful water town vibe, relaxing, serene, instrumental, no vocals, 68 BPM, soft breeze, mountain wind ambience, pristine spatial reverb, emotional, cinematic travel vlog background music","Cinematic photography of Taj Mahal Agra (印度阿格拉 · 泰姬陵), 印度 · 北方邦阿格拉, breathtaking view, 世界新七大奇迹, 世界文化遗产, 纯白大理石, 旷世绝恋, 莫卧儿艺术巅峰, golden hour lighting, atmospheric perspective, 8k resolution, photorealistic, masterpiece, depth of field",乌镇水乡,GeoMelody AI · 中国,分类意境伴奏,suno_001_wuzhen.mp3
129,angkorwat,柬埔寨暹粒 · 吴哥窟与高棉的微笑,Angkor Wat & Bayon Temple,柬埔寨,柬埔寨 · 暹粒省,103.867,13.4125,幽深森林 / 自然秘境,热带丛林深处的石头奇迹。五座莲花佛塔倒映在护城河的日出朝霞中，巴戎寺二百一十六面慈悲安详的佛面，凝望着千年的风雨沧桑。,世界文化遗产、东方四大奇迹、高棉的微笑、吴哥日出、热带巨树纠缠,62,Khmer Mystic Harmony · 432Hz,热带木琴 · 铜锣微鸣 · 丛林晨鸟,晨曦鸟鸣 / 空山鸟语,吴哥窟热带丛林古刹纯音乐、高棉微笑、晨光微露、静谧祥和、BPM 62、Khmer Mystic Harmony · 432Hz、晨曦鸟鸣 / 空山鸟语、高清无损立体声,"healing nature ambient, acoustic guitar fingerstyle, bird song, wind chimes, lush green forest, zen meditation, instrumental, no vocals, 62 BPM, morning bird singing, forest birds chirp, pristine spatial reverb, emotional, cinematic travel vlog background music","Cinematic photography of Angkor Wat & Bayon Temple (柬埔寨暹粒 · 吴哥窟与高棉的微笑), 柬埔寨 · 暹粒省, breathtaking view, 世界文化遗产, 东方四大奇迹, 高棉的微笑, 吴哥日出, 热带巨树纠缠, golden hour lighting, atmospheric perspective, 8k resolution, photorealistic, masterpiece, depth of field",九寨沟 · 五彩童话森林,GeoMelody AI · 中国,分类意境伴奏,suno_039_jiuzhaigou.mp3
130,cappadocia,土耳其 · 卡帕多奇亚热气球奇石林,Cappadocia Hot Air Balloons & Fairy Chimneys,土耳其,土耳其 · 内夫谢希尔省格雷梅,34.8289,38.6431,浩瀚大漠 / 丝路遗迹,精灵烟囱与外星地貌的浪漫升腾。清晨数百只彩色热气球迎着朝阳冉冉升起，俯瞰千沟万壑的月球地貌与古老洞穴城堡。,世界文化与自然双遗产、热气球胜地、精灵烟囱、月球地貌、格雷梅国家公园,72,Anatolian Dawn Melody · G Major,卡龙琴 · 原声吉他 · 朝阳清风,山间清风 / 微风拂过,卡帕多奇亚热气球日出纯乐、土耳其卡龙琴与木吉他、浪漫升腾、视野开阔、BPM 72、Anatolian Dawn Melody · G Major、山间清风 / 微风拂过、高清无损立体声,"silk road world music, oud, duduk, middle eastern hand percussion, desert wind, mysterious, atmospheric journey, instrumental, no vocals, 72 BPM, soft breeze, mountain wind ambience, pristine spatial reverb, emotional, cinematic travel vlog background music","Cinematic photography of Cappadocia Hot Air Balloons & Fairy Chimneys (土耳其 · 卡帕多奇亚热气球奇石林), 土耳其 · 内夫谢希尔省格雷梅, breathtaking view, 世界文化与自然双遗产, 热气球胜地, 精灵烟囱, 月球地貌, 格雷梅国家公园, golden hour lighting, atmospheric perspective, 8k resolution, photorealistic, masterpiece, depth of field",撒哈拉沙漠 · 星空之夜,GeoMelody AI · 摩洛哥,分类意境伴奏,suno_035_sahara.mp3
131,serengeti,坦桑尼亚 · 塞伦盖蒂大草原野生动物大迁徙,Serengeti National Park Great Migration,坦桑尼亚,坦桑尼亚 · 塞伦盖蒂,34.8333,-2.3333,幽深森林 / 自然秘境,地球上最壮丽的生命交响诗。数百万角马与斑马跨越马拉河，金合欢树在非洲火红夕阳下勾勒出苍茫剪影，大自然生生不息的原始力量。,世界自然遗产、动物大迁徙、塞伦盖蒂大草原、非洲五霸、生命奇观,78,African Savannah Rhythms · D Major,卡林巴琴 · 拇指琴 · 非洲大地鼓声 · 草原微风,山间清风 / 微风拂过,塞伦盖蒂非洲草原纯乐、卡林巴琴与轻柔手鼓、落日金合欢树、辽阔苍茫、BPM 78、African Savannah Rhythms · D Major、山间清风 / 微风拂过、高清无损立体声,"healing nature ambient, acoustic guitar fingerstyle, bird song, wind chimes, lush green forest, zen meditation, instrumental, no vocals, 78 BPM, soft breeze, mountain wind ambience, pristine spatial reverb, emotional, cinematic travel vlog background music","Cinematic photography of Serengeti National Park Great Migration (坦桑尼亚 · 塞伦盖蒂大草原野生动物大迁徙), 坦桑尼亚 · 塞伦盖蒂, breathtaking view, 世界自然遗产, 动物大迁徙, 塞伦盖蒂大草原, 非洲五霸, 生命奇观, golden hour lighting, atmospheric perspective, 8k resolution, photorealistic, masterpiece, depth of field",西塘古镇 · 烟雨长廊,GeoMelody AI · 中国,分类意境伴奏,suno_007_xitang.mp3
132,borabora_island,法属波利尼西亚 · 大溪地波拉波拉岛,Bora Bora Overwater Paradise Tahiti,法属波利尼西亚,法属波利尼西亚 · 社会群岛,-151.7415,-16.5004,海滨海岛 / 蔚蓝海域,太平洋上的梦幻绿松石。奥特马努山峰拔海而起，泻湖呈现出渐变的宝石蓝与薄荷绿，水上木屋直通清澈海底，人间天堂的终极定义。,太平洋明珠、水上木屋、绿松石泻湖、大溪地风情、蜜月度假胜地,70,Polynesian Ukulele Breeze · C Major,大溪地尤克里里 · 舒缓吉他 · 碧海清波,环境声场,波拉波拉岛热带海岛纯乐、尤克里里与海浪拍岸、阳光泻湖、无忧无虑、BPM 70、Polynesian Ukulele Breeze · C Major、环境声场、高清无损立体声,"tropical chillout, acoustic guitar, smooth piano, ukulele, ocean wave ambient, peaceful seaside sunset, warm breeze, instrumental, no vocals, 70 BPM, natural ambient soundscape, pristine spatial reverb, emotional, cinematic travel vlog background music","Cinematic photography of Bora Bora Overwater Paradise Tahiti (法属波利尼西亚 · 大溪地波拉波拉岛), 法属波利尼西亚 · 社会群岛, breathtaking view, 太平洋明珠, 水上木屋, 绿松石泻湖, 大溪地风情, 蜜月度假胜地, golden hour lighting, atmospheric perspective, 8k resolution, photorealistic, masterpiece, depth of field",撒哈拉沙漠 · 星空之夜,GeoMelody AI · 摩洛哥,分类意境伴奏,suno_035_sahara.mp3
133,antarctica_lemaire,南极洲 · 勒梅尔海峡冰川与企鹅海湾,Antarctica Lemaire Channel & Penguin Bay,南极洲,南极洲 · 南极半岛,-63.9533,-65.1319,名山胜岳 / 巍峨雪峰,地球最南端的纯白史诗。千米冰崖峭壁夹峙着如镜航道，浮冰上帽带企鹅憨态可掬，座头鲸跃出海面，第七大陆无与伦比的寂静与圣洁。,第七大陆、极地冰川、勒梅尔海峡、企鹅王国、地球最后净土,56,Polar Glacier Serenity · 432Hz,水晶清脆合成器 · 极地大提琴 · 冰川崩落回响,山间清风 / 微风拂过,南极洲极地纯净空灵音乐、水晶清音与冰川长风、纯白无瑕、净化心灵、BPM 56、Polar Glacier Serenity · 432Hz、山间清风 / 微风拂过、高清无损立体声,"cinematic ambient, grand mountain landscape, epic yet calm, airy bamboo flute, handpan, strings, ethereal atmosphere, instrumental, no vocals, 56 BPM, soft breeze, mountain wind ambience, pristine spatial reverb, emotional, cinematic travel vlog background music","Cinematic photography of Antarctica Lemaire Channel & Penguin Bay (南极洲 · 勒梅尔海峡冰川与企鹅海湾), 南极洲 · 南极半岛, breathtaking view, 第七大陆, 极地冰川, 勒梅尔海峡, 企鹅王国, 地球最后净土, golden hour lighting, atmospheric perspective, 8k resolution, photorealistic, masterpiece, depth of field",珠穆朗玛峰 · 世界之巅,GeoMelody AI · 中国,分类意境伴奏,suno_020_everest.mp3
134,mariana-trench,马里亚纳海沟 · 挑战者深渊,Mariana Trench · Challenger Deep,西太平洋公海,"西太平洋 · 万米海渊 (-11,034米)",142.1996,11.3493,待认领秘境 / 探索坐标,【待认领秘境】地球的最深处，万米幽暗深渊。这里承受着超过1000倍的大气压，寂静无光的世界中，水声回荡在幽蓝海沟深处，等待勇敢者的声呐探索与图文认领。,待认领、挑战者深渊、地球极深处、神秘海沟、深海探索,52,Deep Abyss Drone · 432Hz,深海水听器共鸣 · 极低频波纹 · 鲸歌远鸣,海浪拍岸 / 潮汐涌动,深海万米深渊环境音、水下低频共振、神秘鲸鸣、深邃治愈助眠、BPM 52、Deep Abyss Drone · 432Hz、海浪拍岸 / 潮汐涌动、高清无损立体声,"ambient atmospheric drone, deep ocean chillout, ethereal handpan, crystal clear synth pads, peaceful wilderness, instrumental, no vocals, 52 BPM, gentle ocean waves, rhythmic tides, pristine spatial reverb, emotional, cinematic travel vlog background music","Cinematic photography of Mariana Trench · Challenger Deep (马里亚纳海沟 · 挑战者深渊), 西太平洋 · 万米海渊 (-11,034米), breathtaking view, 待认领, 挑战者深渊, 地球极深处, 神秘海沟, 深海探索, golden hour lighting, atmospheric perspective, 8k resolution, photorealistic, masterpiece, depth of field",撒哈拉沙漠 · 星空之夜,GeoMelody AI · 摩洛哥,分类意境伴奏,suno_035_sahara.mp3
135,point-nemo,尼莫点 · 太平洋海洋难抵极,Point Nemo · Oceanic Pole of Inaccessibility,南太平洋公海,南太平洋 · 航天器重返墓地,-123.3933,-48.8767,待认领秘境 / 探索坐标,"【待认领秘境】地球上距离任何陆地最遥远的点（2,688公里）。最近的人类往往是头顶400公里呼啸而过的国际空间站宇航员。万籁俱寂的浩瀚大洋，等待探险者留下足迹。",待认领、海洋难抵极、航天器坟场、绝对孤独、深洋绝境,48,Infinite Solitude · 528Hz,微风泛音合成器 · 孤舟水波 · 远古潮汐,海浪拍岸 / 潮汐涌动,无垠太平洋、深邃孤寂、远方微弱海浪声、静心冥想与深度睡眠、BPM 48、Infinite Solitude · 528Hz、海浪拍岸 / 潮汐涌动、高清无损立体声,"ambient atmospheric drone, deep ocean chillout, ethereal handpan, crystal clear synth pads, peaceful wilderness, instrumental, no vocals, 48 BPM, gentle ocean waves, rhythmic tides, pristine spatial reverb, emotional, cinematic travel vlog background music","Cinematic photography of Point Nemo · Oceanic Pole of Inaccessibility (尼莫点 · 太平洋海洋难抵极), 南太平洋 · 航天器重返墓地, breathtaking view, 待认领, 海洋难抵极, 航天器坟场, 绝对孤独, 深洋绝境, golden hour lighting, atmospheric perspective, 8k resolution, photorealistic, masterpiece, depth of field",波拉波拉岛 · 太平洋珍珠,GeoMelody AI · 法属波利尼西亚,分类意境伴奏,suno_030_borabora.mp3
136,bermuda-triangle,百慕大神秘三角 · 罗盘静默海域,Bermuda Triangle · Sargasso Western Apex,北大西洋公海,北大西洋 · 萨尔加斯海西界,-71,25,待认领秘境 / 探索坐标,【待认领秘境】传说的迷航漩涡，磁暴与洋流交织的神秘水域。碧蓝的海水之下潜藏着无数失落的航船残骸与古代传说，星轨在深邃波涛中静默轮转。,待认领、神秘三角、大西洋传说、罗盘失灵、深蓝洋流,60,Atlantic Mystery · 432Hz,神秘流音管弦 · 潮汐鼓动 · 磁场脉冲晶音,海浪拍岸 / 潮汐涌动,大西洋神秘洋流、悠远深邃、潮水呼吸声、探索冥想氛围、BPM 60、Atlantic Mystery · 432Hz、海浪拍岸 / 潮汐涌动、高清无损立体声,"ambient atmospheric drone, deep ocean chillout, ethereal handpan, crystal clear synth pads, peaceful wilderness, instrumental, no vocals, 60 BPM, gentle ocean waves, rhythmic tides, pristine spatial reverb, emotional, cinematic travel vlog background music","Cinematic photography of Bermuda Triangle · Sargasso Western Apex (百慕大神秘三角 · 罗盘静默海域), 北大西洋 · 萨尔加斯海西界, breathtaking view, 待认领, 神秘三角, 大西洋传说, 罗盘失灵, 深蓝洋流, golden hour lighting, atmospheric perspective, 8k resolution, photorealistic, masterpiece, depth of field",波拉波拉岛 · 太平洋珍珠,GeoMelody AI · 法属波利尼西亚,分类意境伴奏,suno_030_borabora.mp3
137,easter-island-abyss,复活节岛外海 · 摩艾巨石注视之海,Easter Island Trench · Rapa Nui Seamount,东南太平洋公海,东南太平洋 · 拉帕努伊海盆,-109.3497,-27.1127,待认领秘境 / 探索坐标,【待认领秘境】孤悬于浩瀚太平洋中央的神秘孤岛，千万年来数百座石雕摩艾像静静注视着无垠的海平面，海浪拍击火山礁岩，诉说着古波利尼西亚的航海史诗。,待认领、摩艾石像、孤绝之岛、星空航海、古老图腾,64,Polynesian Winds · 432Hz,木排箫 · 土著鼓点轻击 · 礁岩浪花,海浪拍岸 / 潮汐涌动,太平洋古老海岛风情、木箫悠扬、火山海浪拍打、治愈心灵、BPM 64、Polynesian Winds · 432Hz、海浪拍岸 / 潮汐涌动、高清无损立体声,"ambient atmospheric drone, deep ocean chillout, ethereal handpan, crystal clear synth pads, peaceful wilderness, instrumental, no vocals, 64 BPM, gentle ocean waves, rhythmic tides, pristine spatial reverb, emotional, cinematic travel vlog background music","Cinematic photography of Easter Island Trench · Rapa Nui Seamount (复活节岛外海 · 摩艾巨石注视之海), 东南太平洋 · 拉帕努伊海盆, breathtaking view, 待认领, 摩艾石像, 孤绝之岛, 星空航海, 古老图腾, golden hour lighting, atmospheric perspective, 8k resolution, photorealistic, masterpiece, depth of field",波拉波拉岛 · 太平洋珍珠,GeoMelody AI · 法属波利尼西亚,分类意境伴奏,suno_030_borabora.mp3
138,galapagos-rift,加拉帕戈斯深海热泉 · 地心黑烟囱,Galapagos Hydrothermal Rift,东太平洋公海,"东太平洋 · 赤道热泉深渊 (-2,600米)",-90.9,0.8,待认领秘境 / 探索坐标,【待认领秘境】太平洋海底板块碰撞交汇处，喷涌着300°C矿脉热液的海底烟囱，孕育着地球上最不可思议的嗜热生物圈，仿佛异星球的外星地貌。,待认领、海底烟囱、深海热泉、达尔文秘境、地心生命,54,Thermal Vent Pulse · 432Hz,地热气泡声 · 深海回音合成器 · 恒定低频,海浪拍岸 / 潮汐涌动,深海热泉环境音、地热气泡律动、低频放松、科幻氛围纯音乐、BPM 54、Thermal Vent Pulse · 432Hz、海浪拍岸 / 潮汐涌动、高清无损立体声,"ambient atmospheric drone, deep ocean chillout, ethereal handpan, crystal clear synth pads, peaceful wilderness, instrumental, no vocals, 54 BPM, gentle ocean waves, rhythmic tides, pristine spatial reverb, emotional, cinematic travel vlog background music","Cinematic photography of Galapagos Hydrothermal Rift (加拉帕戈斯深海热泉 · 地心黑烟囱), 东太平洋 · 赤道热泉深渊 (-2,600米), breathtaking view, 待认领, 海底烟囱, 深海热泉, 达尔文秘境, 地心生命, golden hour lighting, atmospheric perspective, 8k resolution, photorealistic, masterpiece, depth of field",波拉波拉岛 · 太平洋珍珠,GeoMelody AI · 法属波利尼西亚,分类意境伴奏,suno_030_borabora.mp3
139,tahiti-blue-hole,大溪地与波利尼西亚 · 琉璃蓝洞,Tahiti & Polynesia · Coral Blue Hole,南太平洋,南太平洋 · 法属波利尼西亚深海,-149.426,-17.6509,待认领秘境 / 探索坐标,【待认领秘境】深邃如蓝宝石般的环礁深坑，阳光穿透透明度极高的琉璃海水，五彩斑斓的珊瑚与鳐鱼在百米深蓝中翱翔，大洋深处的梦幻伊甸园。,待认领、深海蓝洞、玻璃海水、珊瑚环礁、南太平洋之珠,66,Turquoise Lagoon · 432Hz,钢舌鼓 · 尤克里里微泛音 · 清透波浪,海浪拍岸 / 潮汐涌动,大溪地海风微波、清澈阳光、舒缓空灵钢舌鼓、假日放松、BPM 66、Turquoise Lagoon · 432Hz、海浪拍岸 / 潮汐涌动、高清无损立体声,"ambient atmospheric drone, deep ocean chillout, ethereal handpan, crystal clear synth pads, peaceful wilderness, instrumental, no vocals, 66 BPM, gentle ocean waves, rhythmic tides, pristine spatial reverb, emotional, cinematic travel vlog background music","Cinematic photography of Tahiti & Polynesia · Coral Blue Hole (大溪地与波利尼西亚 · 琉璃蓝洞), 南太平洋 · 法属波利尼西亚深海, breathtaking view, 待认领, 深海蓝洞, 玻璃海水, 珊瑚环礁, 南太平洋之珠, golden hour lighting, atmospheric perspective, 8k resolution, photorealistic, masterpiece, depth of field",波拉波拉岛 · 太平洋珍珠,GeoMelody AI · 法属波利尼西亚,分类意境伴奏,suno_030_borabora.mp3
140,mauritius-underwater-waterfall,毛里求斯 · 印度洋海底瀑布,Mauritius · Underwater Waterfall,印度洋,西南印度洋 · 勒莫恩半岛海域,57.3175,-20.4717,待认领秘境 / 探索坐标,【待认领秘境】大自然最震撼的视觉奇迹。海面之下细沙和淤泥顺着大陆架断崖奔流跌入4000米深海，勾勒出如同海底奔腾瀑布般的壮丽奇观。,待认领、海底瀑布、大陆架断崖、印度洋秘境、地质奇迹,70,Cascading Abyss · 432Hz,竖琴流连 · 弦乐潮涌 · 远洋水声,海浪拍岸 / 潮汐涌动,海底瀑布流动质感、舒缓优美竖琴、深海回响、空灵浩瀚、BPM 70、Cascading Abyss · 432Hz、海浪拍岸 / 潮汐涌动、高清无损立体声,"ambient atmospheric drone, deep ocean chillout, ethereal handpan, crystal clear synth pads, peaceful wilderness, instrumental, no vocals, 70 BPM, gentle ocean waves, rhythmic tides, pristine spatial reverb, emotional, cinematic travel vlog background music","Cinematic photography of Mauritius · Underwater Waterfall (毛里求斯 · 印度洋海底瀑布), 西南印度洋 · 勒莫恩半岛海域, breathtaking view, 待认领, 海底瀑布, 大陆架断崖, 印度洋秘境, 地质奇迹, golden hour lighting, atmospheric perspective, 8k resolution, photorealistic, masterpiece, depth of field",波拉波拉岛 · 太平洋珍珠,GeoMelody AI · 法属波利尼西亚,分类意境伴奏,suno_030_borabora.mp3
141,java-trench,爪哇海沟 · 巽他深渊,Java Trench · Sunda Deep Abyss,东印度洋公海,"东印度洋 · 巽他海沟 (-7,450米)",105.9833,-10.3167,待认领秘境 / 探索坐标,【待认领秘境】印度洋最深的海沟，欧亚板块与印度-澳洲板块的俯冲前沿。海水在万米重压下宛如深黑水晶，深海发光生物在暗夜波涛中闪烁点点星火。,待认领、印度洋极深、巽他深渊、发光生物、板块俯冲,50,Sunda Trench Echo · 432Hz,深水共鸣器 · 空间合成器 · 缓流低音,海浪拍岸 / 潮汐涌动,印度洋深渊冥想音、水流回旋、暗夜星光、深沉宁静、BPM 50、Sunda Trench Echo · 432Hz、海浪拍岸 / 潮汐涌动、高清无损立体声,"ambient atmospheric drone, deep ocean chillout, ethereal handpan, crystal clear synth pads, peaceful wilderness, instrumental, no vocals, 50 BPM, gentle ocean waves, rhythmic tides, pristine spatial reverb, emotional, cinematic travel vlog background music","Cinematic photography of Java Trench · Sunda Deep Abyss (爪哇海沟 · 巽他深渊), 东印度洋 · 巽他海沟 (-7,450米), breathtaking view, 待认领, 印度洋极深, 巽他深渊, 发光生物, 板块俯冲, golden hour lighting, atmospheric perspective, 8k resolution, photorealistic, masterpiece, depth of field",波拉波拉岛 · 太平洋珍珠,GeoMelody AI · 法属波利尼西亚,分类意境伴奏,suno_030_borabora.mp3
142,drake-passage,德雷克海峡 · 魔鬼西风漂流带,Drake Passage · Furious Fifties Sea,南大洋公海,南大洋 · 合恩角南侧西风漂流带,-65,-58.5,待认领秘境 / 探索坐标,【待认领秘境】世界上最汹涌危险的海峡，大西洋与太平洋狂暴碰撞之所。滔天巨浪奔腾在咆哮的西风带中，信天翁振翅滑翔于苍茫冰冷的大洋之上。,待认领、咆哮西风带、狂暴巨浪、南极门户、极限航海,58,Furious Winds · 432Hz,低音大提琴 · 暴风雨海浪 · 悠长长笛,山间清风 / 微风拂过,极地风暴与怒涛、大提琴苍茫旋律、震撼壮美、航海史诗、BPM 58、Furious Winds · 432Hz、山间清风 / 微风拂过、高清无损立体声,"ambient atmospheric drone, deep ocean chillout, ethereal handpan, crystal clear synth pads, peaceful wilderness, instrumental, no vocals, 58 BPM, soft breeze, mountain wind ambience, pristine spatial reverb, emotional, cinematic travel vlog background music","Cinematic photography of Drake Passage · Furious Fifties Sea (德雷克海峡 · 魔鬼西风漂流带), 南大洋 · 合恩角南侧西风漂流带, breathtaking view, 待认领, 咆哮西风带, 狂暴巨浪, 南极门户, 极限航海, golden hour lighting, atmospheric perspective, 8k resolution, photorealistic, masterpiece, depth of field",波拉波拉岛 · 太平洋珍珠,GeoMelody AI · 法属波利尼西亚,分类意境伴奏,suno_030_borabora.mp3
143,azores-rift,亚速尔大西洋洋中脊 · 抹香鲸领地,Mid-Atlantic Ridge · Azores Whale Territory,北大西洋,北大西洋 · 洋中脊地质断裂带,-25.6756,37.7412,待认领秘境 / 探索坐标,【待认领秘境】地球最大的海底山脉——大西洋洋中脊露出海面的火山群岛。地热温泉与翡翠火山湖交相辉映，深海抹香鲸常年在此巡游繁衍。,待认领、大西洋洋中脊、抹香鲸圣地、火山温泉、深海裂谷,62,Atlantic Cetacean · 432Hz,清脆钢琴 · 鲸语声纳 · 潮汐和声,海浪拍岸 / 潮汐涌动,大西洋抹香鲸呼唤、钢琴纯音乐、潮水轻拂、治愈放松、BPM 62、Atlantic Cetacean · 432Hz、海浪拍岸 / 潮汐涌动、高清无损立体声,"ambient atmospheric drone, deep ocean chillout, ethereal handpan, crystal clear synth pads, peaceful wilderness, instrumental, no vocals, 62 BPM, gentle ocean waves, rhythmic tides, pristine spatial reverb, emotional, cinematic travel vlog background music","Cinematic photography of Mid-Atlantic Ridge · Azores Whale Territory (亚速尔大西洋洋中脊 · 抹香鲸领地), 北大西洋 · 洋中脊地质断裂带, breathtaking view, 待认领, 大西洋洋中脊, 抹香鲸圣地, 火山温泉, 深海裂谷, golden hour lighting, atmospheric perspective, 8k resolution, photorealistic, masterpiece, depth of field",婺源篁岭 · 晒秋梯田,GeoMelody AI · 中国,分类意境伴奏,suno_008_wuyuan.mp3
144,north-pole-abyss,北极极点冰海 · 永夜极光之洋,North Pole Arctic Abyss · Aurora Ocean,北冰洋公海,"北冰洋 · 地球地理北极点 (-4,261米)",0,89.9,待认领秘境 / 探索坐标,【待认领秘境】所有经线汇聚的尽头，冰封千里的极地浮冰世界。厚重的极地冰盖下方是4000米深的深寒海盆，极光在永夜星空中如绿色丝带般轻盈舞动。,待认领、地理北极、极夜冰盖、北极光、地球尽头,50,Northern Lights · 432Hz,极光合成器 · 冰晶清音 · 极地微风,山间清风 / 微风拂过,北极极光漫舞、纯净冰雪氛围、空灵空境、冥想安神、BPM 50、Northern Lights · 432Hz、山间清风 / 微风拂过、高清无损立体声,"ambient atmospheric drone, deep ocean chillout, ethereal handpan, crystal clear synth pads, peaceful wilderness, instrumental, no vocals, 50 BPM, soft breeze, mountain wind ambience, pristine spatial reverb, emotional, cinematic travel vlog background music","Cinematic photography of North Pole Arctic Abyss · Aurora Ocean (北极极点冰海 · 永夜极光之洋), 北冰洋 · 地球地理北极点 (-4,261米), breathtaking view, 待认领, 地理北极, 极夜冰盖, 北极光, 地球尽头, golden hour lighting, atmospheric perspective, 8k resolution, photorealistic, masterpiece, depth of field",波拉波拉岛 · 太平洋珍珠,GeoMelody AI · 法属波利尼西亚,分类意境伴奏,suno_030_borabora.mp3
145,ross-sea-shelf,罗斯海陆架 · 极寒冰山漂流带,Ross Sea Ice Shelf · Drifting Icebergs,南大洋,南极洲 · 罗斯海冰架前缘,175,-75,待认领秘境 / 探索坐标,【待认领秘境】地球上最纯净原始的海洋，巨大的蓝色冰山崩解漂流在幽暗深海。虎鲸与帝企鹅在这片极寒荒野中繁衍生息，南极大陆架在此沉入深渊。,待认领、南极冰架、虎鲸领地、极寒冰洋、纯净秘境,52,Antarctic Shelf · 432Hz,冰川共振大提琴 · 空灵女声哼唱 · 寒潮轻抚,山间清风 / 微风拂过,南极洲极寒冰洋、纯白圣洁、低沉大提琴、治愈心灵、BPM 52、Antarctic Shelf · 432Hz、山间清风 / 微风拂过、高清无损立体声,"ambient atmospheric drone, deep ocean chillout, ethereal handpan, crystal clear synth pads, peaceful wilderness, instrumental, no vocals, 52 BPM, soft breeze, mountain wind ambience, pristine spatial reverb, emotional, cinematic travel vlog background music","Cinematic photography of Ross Sea Ice Shelf · Drifting Icebergs (罗斯海陆架 · 极寒冰山漂流带), 南极洲 · 罗斯海冰架前缘, breathtaking view, 待认领, 南极冰架, 虎鲸领地, 极寒冰洋, 纯净秘境, golden hour lighting, atmospheric perspective, 8k resolution, photorealistic, masterpiece, depth of field",贡嘎雪山 · 蜀山之王,GeoMelody AI · 中国,分类意境伴奏,suno_018_gongga.mp3
146,tristan-da-cunha,特里斯坦-达库尼亚 · 世界最孤立海岛,Tristan da Cunha · Most Remote Island,南大西洋,南大西洋 · 孤绝火山岛,-12.2777,-37.1052,待认领秘境 / 探索坐标,【待认领秘境】远离任何大陆超过2400公里的孤绝火山岛，常年被南大洋的风暴与云雾笼罩，黑沙滩与狂暴的海浪守卫着这片与世隔绝的海角天涯。,待认领、世界最孤立、黑沙滩、南大西洋、避世秘境,60,Tristan Solitude · 432Hz,木吉他轻拂 · 海风长吟 · 潮水起落,海浪拍岸 / 潮汐涌动,世界尽头孤岛、温暖木吉他、海风浪涌、宁静致远、BPM 60、Tristan Solitude · 432Hz、海浪拍岸 / 潮汐涌动、高清无损立体声,"ambient atmospheric drone, deep ocean chillout, ethereal handpan, crystal clear synth pads, peaceful wilderness, instrumental, no vocals, 60 BPM, gentle ocean waves, rhythmic tides, pristine spatial reverb, emotional, cinematic travel vlog background music","Cinematic photography of Tristan da Cunha · Most Remote Island (特里斯坦-达库尼亚 · 世界最孤立海岛), 南大西洋 · 孤绝火山岛, breathtaking view, 待认领, 世界最孤立, 黑沙滩, 南大西洋, 避世秘境, golden hour lighting, atmospheric perspective, 8k resolution, photorealistic, masterpiece, depth of field",波拉波拉岛 · 太平洋珍珠,GeoMelody AI · 法属波利尼西亚,分类意境伴奏,suno_030_borabora.mp3
147,eye-of-the-sahara,撒哈拉之眼 · 理查特同心圆地质奇观,Eye of the Sahara · Richat Structure,毛里塔尼亚,非洲 · 毛里塔尼亚撒哈拉腹地,-11.4016,21.1269,待认领秘境 / 探索坐标,【待认领秘境】宇航员从太空俯瞰地球的地标级同心圆地质奇观。直径达40公里的巨大同心圆圈，被誉为地球最神秘的巨型图腾，传说中亚特兰蒂斯的遗迹假说之地。,待认领、撒哈拉之眼、地质奇观、太空地标、古老谜题,64,Sahara Mystery · 432Hz,乌德琴 · 撒哈拉热风 · 远古颂钵,山间清风 / 微风拂过,撒哈拉沙漠苍茫神秘、乌德琴轻拨、热风滚滚、宇宙俯瞰感、BPM 64、Sahara Mystery · 432Hz、山间清风 / 微风拂过、高清无损立体声,"ambient atmospheric drone, deep ocean chillout, ethereal handpan, crystal clear synth pads, peaceful wilderness, instrumental, no vocals, 64 BPM, soft breeze, mountain wind ambience, pristine spatial reverb, emotional, cinematic travel vlog background music","Cinematic photography of Eye of the Sahara · Richat Structure (撒哈拉之眼 · 理查特同心圆地质奇观), 非洲 · 毛里塔尼亚撒哈拉腹地, breathtaking view, 待认领, 撒哈拉之眼, 地质奇观, 太空地标, 古老谜题, golden hour lighting, atmospheric perspective, 8k resolution, photorealistic, masterpiece, depth of field",富士山 · 富士五湖,GeoMelody AI · 日本,分类意境伴奏,suno_021_fuji.mp3
148,danakil-depression,达纳基尔凹地 · 地狱之门硫磺幻境,Danakil Depression · Acidic Sulfur Springs,埃塞俄比亚,非洲 · 埃塞俄比亚阿法尔三角 (-125米),40.5,14.2417,待认领秘境 / 探索坐标,【待认领秘境】低于海平面125米的地球最热极端秘境。色彩斑斓的酸性硫磺泉、盐结晶梯田与滚烫的熔岩湖交织，宛如火星表面的残酷超现实绝景。,待认领、地球地狱之门、硫磺泉、火星地貌、极端探险,58,Volcanic Acid · 432Hz,实验电子合成器 · 地壳微鸣 · 原始鼓韵,山间清风 / 微风拂过,外星地貌神秘音乐、硫磺泉地热回响、科幻史诗、张力与放松、BPM 58、Volcanic Acid · 432Hz、山间清风 / 微风拂过、高清无损立体声,"ambient atmospheric drone, deep ocean chillout, ethereal handpan, crystal clear synth pads, peaceful wilderness, instrumental, no vocals, 58 BPM, soft breeze, mountain wind ambience, pristine spatial reverb, emotional, cinematic travel vlog background music","Cinematic photography of Danakil Depression · Acidic Sulfur Springs (达纳基尔凹地 · 地狱之门硫磺幻境), 非洲 · 埃塞俄比亚阿法尔三角 (-125米), breathtaking view, 待认领, 地球地狱之门, 硫磺泉, 火星地貌, 极端探险, golden hour lighting, atmospheric perspective, 8k resolution, photorealistic, masterpiece, depth of field",波拉波拉岛 · 太平洋珍珠,GeoMelody AI · 法属波利尼西亚,分类意境伴奏,suno_030_borabora.mp3
149,socotra-archipelago,索科特拉岛 · 外星龙血树方舟,Socotra Archipelago · Dragon Blood Realm,阿拉伯海,阿拉伯海 · 索科特拉深海台地,53.8237,12.4634,待认领秘境 / 探索坐标,【待认领秘境】印度洋上的外星植物方舟。造型奇特如飞碟般的龙血树矗立在白沙悬崖之巅，蔚蓝深海与原始红白相间的岩石海岸构成不可思议的梦境世界。,待认领、龙血树、外星植物方舟、阿拉伯海、遗世孤岛,66,Dragon Blood Tree · 432Hz,阿拉伯短笛 · 柔和手碟 · 碧海轻波,海浪拍岸 / 潮汐涌动,索科特拉异域梦境、手碟空灵、微风海浪、奇幻治愈、BPM 66、Dragon Blood Tree · 432Hz、海浪拍岸 / 潮汐涌动、高清无损立体声,"ambient atmospheric drone, deep ocean chillout, ethereal handpan, crystal clear synth pads, peaceful wilderness, instrumental, no vocals, 66 BPM, gentle ocean waves, rhythmic tides, pristine spatial reverb, emotional, cinematic travel vlog background music","Cinematic photography of Socotra Archipelago · Dragon Blood Realm (索科特拉岛 · 外星龙血树方舟), 阿拉伯海 · 索科特拉深海台地, breathtaking view, 待认领, 龙血树, 外星植物方舟, 阿拉伯海, 遗世孤岛, golden hour lighting, atmospheric perspective, 8k resolution, photorealistic, masterpiece, depth of field",波拉波拉岛 · 太平洋珍珠,GeoMelody AI · 法属波利尼西亚,分类意境伴奏,suno_030_borabora.mp3
150,hawaii-seamount,夏威夷海岭 · 太平洋海底火山链,Hawaiian Ridge Seamount · Hotspot Chain,中太平洋,中太平洋 · 夏威夷海底火山热点,-157.8583,21.3069,待认领秘境 / 探索坐标,【待认领秘境】从太平洋底6000米平原拔地而起的巨型海底火山脉。炽热地幔柱喷涌出的炽热岩浆与冰冷深海激荡，孕育了太平洋最壮丽的岛弧链。,待认领、海底火山、热点地质、深洋海岭、太平洋之冠,68,Pacific Hotspot · 432Hz,滑音吉他 · 尤克里里 · 太平洋暖流,海浪拍岸 / 潮汐涌动,夏威夷暖洋海浪、清爽滑音吉他、舒缓放松、海边阳光、BPM 68、Pacific Hotspot · 432Hz、海浪拍岸 / 潮汐涌动、高清无损立体声,"ambient atmospheric drone, deep ocean chillout, ethereal handpan, crystal clear synth pads, peaceful wilderness, instrumental, no vocals, 68 BPM, gentle ocean waves, rhythmic tides, pristine spatial reverb, emotional, cinematic travel vlog background music","Cinematic photography of Hawaiian Ridge Seamount · Hotspot Chain (夏威夷海岭 · 太平洋海底火山链), 中太平洋 · 夏威夷海底火山热点, breathtaking view, 待认领, 海底火山, 热点地质, 深洋海岭, 太平洋之冠, golden hour lighting, atmospheric perspective, 8k resolution, photorealistic, masterpiece, depth of field",丽江古城,GeoMelody AI · 中国,分类意境伴奏,suno_005_lijiang.mp3
151,palau-dropoff,帕劳大断崖 · 黄金水母湖与万米深蓝,Palau Big Drop-off & Jellyfish Lake,帕劳,西太平洋 · 密克罗尼西亚深渊,134.5825,7.5149,待认领秘境 / 探索坐标,【待认领秘境】从一米浅礁瞬间坠入上千米深渊的无底大断崖。深蓝海水清澈见底，数以万计的无毒黄金水母在隐秘盐水湖中随日落光影缓慢起舞。,待认领、无底断崖、黄金水母湖、七彩珊瑚、潜水圣殿,60,Golden Jellyfish · 432Hz,水下钟琴 · 柔润气泡泛音 · 暖流水声,海浪拍岸 / 潮汐涌动,水母优雅起舞、轻柔水下钟琴、清澈晶莹、沉浸式解压、BPM 60、Golden Jellyfish · 432Hz、海浪拍岸 / 潮汐涌动、高清无损立体声,"ambient atmospheric drone, deep ocean chillout, ethereal handpan, crystal clear synth pads, peaceful wilderness, instrumental, no vocals, 60 BPM, gentle ocean waves, rhythmic tides, pristine spatial reverb, emotional, cinematic travel vlog background music","Cinematic photography of Palau Big Drop-off & Jellyfish Lake (帕劳大断崖 · 黄金水母湖与万米深蓝), 西太平洋 · 密克罗尼西亚深渊, breathtaking view, 待认领, 无底断崖, 黄金水母湖, 七彩珊瑚, 潜水圣殿, golden hour lighting, atmospheric perspective, 8k resolution, photorealistic, masterpiece, depth of field",波拉波拉岛 · 太平洋珍珠,GeoMelody AI · 法属波利尼西亚,分类意境伴奏,suno_030_borabora.mp3
152,cook-islands-atoll,库克群岛 · 艾图塔基绿松石泄湖,Cook Islands · Aitutaki Coral Lagoon,库克群岛,南太平洋 · 艾图塔基环礁,-159.7777,-21.2367,待认领秘境 / 探索坐标,【待认领秘境】南太平洋最清澈的绿松石泄湖，巨大珊瑚环礁如同一串珍珠散落在深邃的南太平洋怀抱中，微风轻拂椰林，海浪低语宛如天籁。,待认领、绿松石泄湖、南太平洋环礁、治愈海浪、世外桃源,64,Turquoise Atoll · 432Hz,海风木吉他 · 温柔海潮 · 鸟鸣清脆,海浪拍岸 / 潮汐涌动,南太平洋海岛清晨、木吉他微风、浪涛拍岸、心灵净化、BPM 64、Turquoise Atoll · 432Hz、海浪拍岸 / 潮汐涌动、高清无损立体声,"ambient atmospheric drone, deep ocean chillout, ethereal handpan, crystal clear synth pads, peaceful wilderness, instrumental, no vocals, 64 BPM, gentle ocean waves, rhythmic tides, pristine spatial reverb, emotional, cinematic travel vlog background music","Cinematic photography of Cook Islands · Aitutaki Coral Lagoon (库克群岛 · 艾图塔基绿松石泄湖), 南太平洋 · 艾图塔基环礁, breathtaking view, 待认领, 绿松石泄湖, 南太平洋环礁, 治愈海浪, 世外桃源, golden hour lighting, atmospheric perspective, 8k resolution, photorealistic, masterpiece, depth of field",三亚蜈支洲岛 · 蔚蓝之境,GeoMelody AI · 中国,分类意境伴奏,suno_024_sanya.mp3
153,weddell-sea-abyss,威德尔海 · 坚忍号传奇沉睡之海,Weddell Sea Abyss · Endurance Resting Deep,南大洋公海,"南大洋 · 坚忍号沉船海域 (-3,000米)",-45,-72,待认领秘境 / 探索坐标,【待认领秘境】南大洋深处著名的常年封冻海域，沙克尔顿男爵“坚忍号”传奇沉没百年的安息之地。海水透明度达到极致，冰山在极昼阳光下折射出幽蓝冷光。,待认领、坚忍号传奇、透明冰洋、南极风暴、极地探险,50,Endurance Legend · 432Hz,深沉大提琴 · 极地冰层微裂回响 · 远方呼啸,山间清风 / 微风拂过,极地探险史诗、坚忍不拔的深沉大提琴、冰风凛冽、浩然致敬、BPM 50、Endurance Legend · 432Hz、山间清风 / 微风拂过、高清无损立体声,"ambient atmospheric drone, deep ocean chillout, ethereal handpan, crystal clear synth pads, peaceful wilderness, instrumental, no vocals, 50 BPM, soft breeze, mountain wind ambience, pristine spatial reverb, emotional, cinematic travel vlog background music","Cinematic photography of Weddell Sea Abyss · Endurance Resting Deep (威德尔海 · 坚忍号传奇沉睡之海), 南大洋 · 坚忍号沉船海域 (-3,000米), breathtaking view, 待认领, 坚忍号传奇, 透明冰洋, 南极风暴, 极地探险, golden hour lighting, atmospheric perspective, 8k resolution, photorealistic, masterpiece, depth of field",贡嘎雪山 · 蜀山之王,GeoMelody AI · 中国,分类意境伴奏,suno_018_gongga.mp3
154,simpson-desert,辛普森沙漠 · 澳洲红色千垄沙原,Simpson Desert · Red Dune Field,澳大利亚,澳洲内陆 · 红色大沙丘阵,137.43,-24.57,待认领秘境 / 探索坐标,【待认领秘境】世界上最辽阔的平行红色沙丘群。超过1100道鲜红沙垄自南向北延绵数百公里，夕阳下整片荒野燃烧如火焰海洋，寂静空旷至极。,待认领、红色沙丘、澳洲红土荒原、平行沙垄、内陆秘境,62,Red Earth Dreamtime · 432Hz,迪吉里杜管共鸣 · 荒原微风 · 原野打击乐,山间清风 / 微风拂过,澳洲红土地、迪吉里杜管深沉原生态低音、大漠旷野、广袤冥想、BPM 62、Red Earth Dreamtime · 432Hz、山间清风 / 微风拂过、高清无损立体声,"ambient atmospheric drone, deep ocean chillout, ethereal handpan, crystal clear synth pads, peaceful wilderness, instrumental, no vocals, 62 BPM, soft breeze, mountain wind ambience, pristine spatial reverb, emotional, cinematic travel vlog background music","Cinematic photography of Simpson Desert · Red Dune Field (辛普森沙漠 · 澳洲红色千垄沙原), 澳洲内陆 · 红色大沙丘阵, breathtaking view, 待认领, 红色沙丘, 澳洲红土荒原, 平行沙垄, 内陆秘境, golden hour lighting, atmospheric perspective, 8k resolution, photorealistic, masterpiece, depth of field",波拉波拉岛 · 太平洋珍珠,GeoMelody AI · 法属波利尼西亚,分类意境伴奏,suno_030_borabora.mp3
155,kamchatka-volcanoes,堪察加半岛 · 冰火交织火山带,Kamchatka Volcanoes · Pacific Ring of Fire,俄罗斯,俄罗斯远东 · 环太平洋火山地震带,158.5,55.5,待认领秘境 / 探索坐标,【待认领秘境】冰与火交织的远东秘境。数十座高耸入云的活火山终年喷吐着白色蒸汽，间歇泉在积雪深谷中奔腾，棕熊在未被人类踏足的原始河谷中捕食马哈鱼。,待认领、冰与火之歌、活火山链、远东旷野、地热间歇泉,65,Volcano & Ice · 432Hz,大提琴 · 间歇泉蒸汽声 · 冰川长笛,山间清风 / 微风拂过,冰火交织的火山高原、雄浑深沉旋律、风声水响、心旷神怡、BPM 65、Volcano & Ice · 432Hz、山间清风 / 微风拂过、高清无损立体声,"ambient atmospheric drone, deep ocean chillout, ethereal handpan, crystal clear synth pads, peaceful wilderness, instrumental, no vocals, 65 BPM, soft breeze, mountain wind ambience, pristine spatial reverb, emotional, cinematic travel vlog background music","Cinematic photography of Kamchatka Volcanoes · Pacific Ring of Fire (堪察加半岛 · 冰火交织火山带), 俄罗斯远东 · 环太平洋火山地震带, breathtaking view, 待认领, 冰与火之歌, 活火山链, 远东旷野, 地热间歇泉, golden hour lighting, atmospheric perspective, 8k resolution, photorealistic, masterpiece, depth of field",澳大利亚悉尼歌剧院与海港大桥,GeoMelody AI · 澳大利亚,分类意境伴奏,suno_094_sydneyoperahouse.mp3
156,sargasso-sea,马尾藻海 · 大西洋无岸之海,Sargasso Sea · Shoreless Ocean Gyre,北大西洋公海,北大西洋 · 环流中央无岸海,-40,28,待认领秘境 / 探索坐标,【待认领秘境】地球上唯一没有陆地海岸线的“洋中之海”。四大洋流环绕出的宁静风眼，漂浮着数百万吨金黄色的马尾藻，鳗鱼跨越数千公里在此产卵繁殖。,待认领、无岸之海、马尾藻森林、大西洋风眼、自然奇观,56,Sargasso Drift · 432Hz,静谧电钢琴 · 浮游生物水泡音 · 缓慢洋流,海浪拍岸 / 潮汐涌动,无岸之海慢速漂流、清澈电钢琴、舒缓洋流白噪音、安神助眠、BPM 56、Sargasso Drift · 432Hz、海浪拍岸 / 潮汐涌动、高清无损立体声,"ambient atmospheric drone, deep ocean chillout, ethereal handpan, crystal clear synth pads, peaceful wilderness, instrumental, no vocals, 56 BPM, gentle ocean waves, rhythmic tides, pristine spatial reverb, emotional, cinematic travel vlog background music","Cinematic photography of Sargasso Sea · Shoreless Ocean Gyre (马尾藻海 · 大西洋无岸之海), 北大西洋 · 环流中央无岸海, breathtaking view, 待认领, 无岸之海, 马尾藻森林, 大西洋风眼, 自然奇观, golden hour lighting, atmospheric perspective, 8k resolution, photorealistic, masterpiece, depth of field",波拉波拉岛 · 太平洋珍珠,GeoMelody AI · 法属波利尼西亚,分类意境伴奏,suno_030_borabora.mp3
157,seychelles-amirante,塞舌尔阿米兰特 · 印度洋珊瑚孤礁,Seychelles Amirante · Granite Abyss,塞舌尔,西印度洋 · 花岗岩孤礁海域,53.3,-5.5,待认领秘境 / 探索坐标,【待认领秘境】西印度洋辽阔的碧蓝海面，古老的花岗岩巨石从深海拔地而起，巨龟在无人珊瑚沙洲上缓缓踱步，海水呈现梦幻般的层级渐变蓝。,待认领、花岗岩海岛、印度洋珍珠、渐变蓝海水、巨龟乐园,64,Indian Ocean Breeze · 432Hz,手碟温润音 · 浪花漱石 · 暖风低语,海浪拍岸 / 潮汐涌动,印度洋温暖海风、手碟治愈纯音、海浪轻抚珊瑚沙滩、放松身心、BPM 64、Indian Ocean Breeze · 432Hz、海浪拍岸 / 潮汐涌动、高清无损立体声,"ambient atmospheric drone, deep ocean chillout, ethereal handpan, crystal clear synth pads, peaceful wilderness, instrumental, no vocals, 64 BPM, gentle ocean waves, rhythmic tides, pristine spatial reverb, emotional, cinematic travel vlog background music","Cinematic photography of Seychelles Amirante · Granite Abyss (塞舌尔阿米兰特 · 印度洋珊瑚孤礁), 西印度洋 · 花岗岩孤礁海域, breathtaking view, 待认领, 花岗岩海岛, 印度洋珍珠, 渐变蓝海水, 巨龟乐园, golden hour lighting, atmospheric perspective, 8k resolution, photorealistic, masterpiece, depth of field",波拉波拉岛 · 太平洋珍珠,GeoMelody AI · 法属波利尼西亚,分类意境伴奏,suno_030_borabora.mp3
158,kerguelen-islands,克尔格伦群岛 · 南印度洋绝望荒岛,Kerguelen Islands · Desolation Archipelago,南印度洋,南印度洋 · 法属南部与南极领地,69.58,-49.35,待认领秘境 / 探索坐标,【待认领秘境】被称为“荒凉之岛”的南印度洋孤岛。常年被50节烈风与暴雨冰雪洗礼，峡湾纵横交错，象海豹群与企鹅在黑色玄武岩海岸繁衍生息。,待认领、荒凉之岛、南极辐合带、狂风暴雨、玄武岩峡湾,54,Desolation Fjord · 432Hz,大提琴 solo · 暴风雨海潮 · 苍凉号角,山间清风 / 微风拂过,南印度洋狂风海峡、苍凉大提琴、冰冷海浪撞击、旷世孤独、BPM 54、Desolation Fjord · 432Hz、山间清风 / 微风拂过、高清无损立体声,"ambient atmospheric drone, deep ocean chillout, ethereal handpan, crystal clear synth pads, peaceful wilderness, instrumental, no vocals, 54 BPM, soft breeze, mountain wind ambience, pristine spatial reverb, emotional, cinematic travel vlog background music","Cinematic photography of Kerguelen Islands · Desolation Archipelago (克尔格伦群岛 · 南印度洋绝望荒岛), 南印度洋 · 法属南部与南极领地, breathtaking view, 待认领, 荒凉之岛, 南极辐合带, 狂风暴雨, 玄武岩峡湾, golden hour lighting, atmospheric perspective, 8k resolution, photorealistic, masterpiece, depth of field",波拉波拉岛 · 太平洋珍珠,GeoMelody AI · 法属波利尼西亚,分类意境伴奏,suno_030_borabora.mp3
